nome_completo,primeira_hab,data_local_uf,data_emissao,validade,identidade_emissor_uf,cpf,num_registro,cat_hab,nacionalidade,filiacao_pai,filiacao_mae
DR. LUIZ MIGUEL BARROS,12/02/2004,"26/03/1961, RAMOS VERDE, PA",18/10/2025,13/04/2035,PA10270234 SSP PA,108.465.792-94,25858268286,A,BRASILEIRO(A),JOSÉ ARAÚJO,SRA. MARIA EDUARDA CARDOSO
JOÃO VITOR VASCONCELOS,21/12/1999,"31/12/1983, RIOS DA PRAIA, DF",22/03/2022,17/03/2028,DF59548512 SSP DF,017.368.249-96,88047640865,C1E,BRASILEIRO(A),DR. RENAN DA ROSA,DRA. CAROLINE RAMOS
DRA. OLIVIA RODRIGUES,12/03/1997,"13/08/1986, DAS NEVES, SC",16/01/2023,28/07/2030,SC36403678 SSP SC,742.591.360-70,46383283120,A,BRASILEIRO(A),CARLOS EDUARDO CASSIANO,MAITÊ ALBUQUERQUE
MARIA LIZ FERREIRA,12/02/1998,"25/11/1955, NOGUEIRA VERDE, ES",31/08/2021,14/09/2028,ES54304475 SSP ES,703.418.296-50,74654461506,B1,BRASILEIRO(A),BENJAMIM CAMPOS,HELOISA DA CRUZ
SR. JOAQUIM LIMA,21/06/1999,"20/03/1989, COSTA DE SIQUEIRA, TO",09/01/2025,01/10/2034,TO99312059 SSP TO,491.067.328-87,22584245061,D1E,BRASILEIRO(A),DR. ASAFE CASTRO,SRA. CAROLINA SIQUEIRA
ERICK PORTO,23/04/1997,"09/02/1994, PIRES, AC",31/05/2022,05/08/2025,AC83956153 SSP AC,027.135.468-26,46575333120,BE,BRASILEIRO(A),ARTHUR GABRIEL ANDRADE,MARIA ISIS PEIXOTO
LAÍS CAMPOS,30/07/2007,"28/06/1956, NASCIMENTO DO CAMPO, MA",16/06/2021,12/05/2031,MA25658464 SSP MA,561.278.439-28,26019628432,D,BRASILEIRO(A),FRANCISCO SOUZA,CECILIA PINTO
RENAN PEIXOTO,29/09/2006,"06/06/1976, CALDEIRA DE MINAS, RN",20/08/2025,02/07/2029,RN62150045 SSP RN,571.932.840-88,52995261219,A1,BRASILEIRO(A),EMANUEL NOGUEIRA,ANA JULIA CAMARGO
OTTO ALVES,08/01/1997,"26/12/2001, SANTOS DE MORAES, AM",24/08/2025,27/09/2031,AM21950413 SSP AM,341.862.590-89,89589504224,D,BRASILEIRO(A),ANTÔNIO CIRINO,MARIA LUÍSA CAMARGO
MARINA SANTOS,12/10/1998,"22/04/1973, SIQUEIRA DE MENDONÇA, MA",02/10/2023,22/12/2028,MA26395647 SSP MA,182.397.406-69,49579476940,CE,BRASILEIRO(A),CARLOS EDUARDO JESUS,OLIVIA FONSECA
YURI FONSECA,31/05/2004,"09/11/1977, PIMENTA, MS",17/05/2024,08/10/2027,MS82834535 SSP MS,490.281.675-01,28757536087,CE,BRASILEIRO(A),CALEB CASA GRANDE,ANA VITÓRIA RODRIGUES
ALANA FOGAÇA,25/12/2001,"21/04/1986, VASCONCELOS, TO",31/01/2025,12/12/2033,TO99963995 SSP TO,538.749.216-46,63722356870,D1,BRASILEIRO(A),LUIZ HENRIQUE GUERRA,SRA. GABRIELA VIEIRA
LUARA DA CRUZ,09/04/1999,"15/11/2003, MOURA DE MINAS, PI",05/07/2023,19/02/2033,PI80438041 SSP PI,467.135.098-00,91551138958,BE,BRASILEIRO(A),GUSTAVO HENRIQUE CÂMARA,HELOISA REZENDE
DR. VINÍCIUS CASTRO,03/02/2000,"02/04/1971, MELO DE PACHECO, DF",27/02/2021,01/11/2030,DF53056239 SSP DF,093.268.754-74,50799871300,C1E,BRASILEIRO(A),RAUL CALDEIRA,SOPHIA GARCIA
THIAGO SOUZA,29/10/2007,"22/04/1997, MACEDO DE ALBUQUERQUE, AP",07/01/2025,30/12/2033,AP89140813 SSP AP,180.369.745-84,22041349229,D1,BRASILEIRO(A),PAULO MONTENEGRO,ANA JÚLIA CASA GRANDE
MARIA CECÍLIA GOMES,08/12/2004,"15/04/1956, NOVAES, CE",19/12/2020,02/05/2027,CE87214226 SSP CE,405.781.236-90,88875542751,DE,BRASILEIRO(A),LUIZ OTÁVIO ARAÚJO,LUARA DIAS
ARTHUR GABRIEL MONTEIRO,27/05/1999,"08/09/1988, LEÃO DO NORTE, PR",03/12/2023,15/03/2029,PR18829424 SSP PR,967.451.320-52,51047482193,C1E,BRASILEIRO(A),RAUL ANDRADE,MELISSA BORGES
SRA. BRUNA FERREIRA,28/07/1997,"24/03/1981, ABREU DO CAMPO, MG",26/11/2022,22/09/2031,MG81855402 SSP MG,360.487.215-44,59636490344,ACC,BRASILEIRO(A),DR. VINICIUS GONÇALVES,ESTHER MARTINS
ANA LUIZA MOURA,24/03/2000,"09/03/1979, ABREU DO AMPARO, PE",30/07/2022,23/12/2026,PE43576722 SSP PE,168.423.970-22,49513928421,C1E,BRASILEIRO(A),DR. LUAN DA ROCHA,SRTA. MAYA RAMOS
MURILO DA PAZ,16/08/1998,"28/05/1972, FOGAÇA, RS",11/11/2024,10/01/2030,RS36873763 SSP RS,804.793.251-97,47861146415,B1,BRASILEIRO(A),ENZO GABRIEL ROCHA,ANA LIZ CAVALCANTE
ELOÁ LIMA,08/08/2005,"09/05/1974, CAMARGO DO SUL, PA",25/03/2023,22/11/2032,PA91320555 SSP PA,843.567.029-56,44496039110,A1,BRASILEIRO(A),DIOGO GOMES,EDUARDA PASTOR
DR. LUIZ GUSTAVO CARDOSO,16/06/2006,"11/10/1963, MONTEIRO, BA",26/09/2021,01/02/2026,BA44093314 SSP BA,856.139.274-64,13794160837,DE,BRASILEIRO(A),DIEGO LOPES,ISABEL REZENDE
MARIA CECÍLIA NOVAIS,23/01/1999,"06/08/1960, MORAES, MA",16/03/2025,11/12/2030,MA15955830 SSP MA,287.916.035-95,54171273993,A1,BRASILEIRO(A),DANIEL NOVAIS,DRA. MARIA SOPHIA DA CRUZ
KEVIN MENDES,24/06/1998,"16/08/1991, BORGES DAS PEDRAS, RS",22/09/2025,25/06/2033,RS29238670 SSP RS,163.958.074-39,47440897037,DE,BRASILEIRO(A),ARTHUR MIGUEL ARAGÃO,SRTA. AYLLA NUNES
JOÃO PEDRO FERNANDES,25/01/1999,"03/11/1967, RIOS, CE",25/02/2021,05/05/2029,CE71620317 SSP CE,805.174.369-57,56834043328,ACC,BRASILEIRO(A),LUIZ MIGUEL PORTO,SRTA. MARIA FERNANDA CASA GRANDE
RAFAEL SALES,01/03/2006,"30/07/1964, CAVALCANTE DE MENDES, SE",31/07/2024,11/09/2033,SE54204147 SSP SE,032.956.841-89,14640150515,B1,BRASILEIRO(A),LEVI BARBOSA,JOANA DA PAZ
DRA. MANUELA DA COSTA,15/03/1998,"12/11/1965, PINTO DA PRAIA, TO",25/02/2025,13/06/2030,TO34881479 SSP TO,380.627.194-13,43089990739,A1,BRASILEIRO(A),DIEGO DIAS,DRA. BIANCA NUNES
VALENTINA CARDOSO,01/05/1999,"14/02/1971, PASTOR, PB",08/01/2025,05/11/2028,PB49114735 SSP PB,792.640.318-04,57698068460,BE,BRASILEIRO(A),MIGUEL PINTO,VITÓRIA FREITAS
SRA. NATÁLIA CASTRO,25/11/2004,"21/02/1991, PEIXOTO DE GOIÁS, MG",27/06/2024,02/04/2033,MG42938073 SSP MG,598.267.143-64,64195669094,A,BRASILEIRO(A),ANTHONY GABRIEL NUNES,BELLA MOURA
JUAN MONTENEGRO,19/01/2000,"03/02/1964, TEIXEIRA DE DAS NEVES, PA",26/12/2022,14/04/2030,PA63287335 SSP PA,601.429.785-58,87983894084,D1E,BRASILEIRO(A),BRYAN DA MOTA,LÍVIA SÁ
JOÃO LUCAS DA COSTA,09/10/2000,"01/05/1981, RIBEIRO, AM",27/10/2025,10/12/2028,AM92928813 SSP AM,874.310.265-44,76592566679,C,BRASILEIRO(A),BRYAN ROCHA,NATÁLIA ABREU
LUAN GARCIA,04/01/1996,"08/12/1956, BARBOSA DO SUL, RJ",11/10/2024,09/04/2029,RJ24970726 SSP RJ,831.672.094-96,98584677984,B1,BRASILEIRO(A),LEANDRO ALVES,ALLANA BRITO
MARIANA PORTO,13/10/2004,"08/12/1956, ALMEIDA, AL",25/02/2024,06/09/2033,AL17677692 SSP AL,592.648.370-00,20080350366,A1,BRASILEIRO(A),THÉO ARAÚJO,SRTA. BIANCA FREITAS
MAYSA ALBUQUERQUE,10/10/2000,"16/10/1962, ROCHA, DF",12/07/2025,09/01/2034,DF75633924 SSP DF,153.980.642-15,68854289104,C1E,BRASILEIRO(A),DAVI LUCAS VASCONCELOS,MARIA FLOR MOURA
HEITOR ARAGÃO,12/12/1999,"16/02/1977, PIRES, AP",06/12/2023,25/07/2031,AP36240761 SSP AP,031.786.524-26,83696436922,B,BRASILEIRO(A),PEDRO MIGUEL FARIAS,MAYA COSTA
MATHIAS DUARTE,26/09/2002,"08/11/2004, ARAÚJO DO OESTE, GO",29/04/2023,26/02/2029,GO12306231 SSP GO,162.874.953-91,37219684872,A1,BRASILEIRO(A),JOÃO LUCAS VARGAS,MARIA LIZ PACHECO
MARIA CECÍLIA GUERRA,04/02/2000,"17/05/1965, MOURA DA PRATA, PI",26/10/2024,26/07/2029,PI35112727 SSP PI,039.518.264-60,22246451312,DE,BRASILEIRO(A),VALENTIM VIANA,LETÍCIA FERNANDES
RAFAELA RIOS,23/11/1995,"09/04/1976, ALVES DE VIANA, AP",05/03/2022,13/12/2031,AP40116909 SSP AP,237.419.560-07,97616150004,B1,BRASILEIRO(A),ANTHONY GABRIEL ROCHA,MARIA LUÍSA OLIVEIRA
SOFIA SAMPAIO,03/10/2001,"16/04/1957, ROCHA ALEGRE, PE",01/08/2022,16/06/2030,PE36290758 SSP PE,569.803.247-56,55898745414,ACC,BRASILEIRO(A),RODRIGO DA ROCHA,MARIAH SILVA
ÁGATHA MELO,15/09/1999,"03/04/2000, SOUZA, PA",25/06/2025,10/01/2031,PA60015806 SSP PA,761.059.832-12,87710090345,C,BRASILEIRO(A),JOAQUIM FERREIRA,ANA JÚLIA MENDES
GABRIELA PORTO,03/02/1999,"21/11/1981, SILVA, ES",19/06/2021,13/10/2029,ES18620910 SSP ES,247.683.051-80,20529809514,B,BRASILEIRO(A),VITOR MARTINS,ANA LÍVIA COSTELA
ANA LUIZA NOVAIS,08/10/2005,"03/10/1977, PACHECO DA PRATA, AP",22/09/2024,11/05/2033,AP46446390 SSP AP,461.789.023-87,94111001928,BE,BRASILEIRO(A),OTÁVIO APARECIDA,SARA DA COSTA
LORENZO JESUS,19/10/2003,"28/10/1991, OLIVEIRA DOS DOURADOS, SE",20/06/2025,26/03/2032,SE55813656 SSP SE,460.278.135-71,29216569583,D,BRASILEIRO(A),DAVI ANDRADE,ISABELLY GUERRA
NATHAN SILVA,15/06/1999,"06/06/1975, FREITAS DE GOIÁS, SE",09/01/2022,10/08/2028,SE47844515 SSP SE,603.541.829-51,32438545200,DE,BRASILEIRO(A),BRYAN CALDEIRA,SRTA. MARIA FLOR VARGAS
JOANA DA ROCHA,03/01/2001,"05/10/1960, GONÇALVES DE GOIÁS, MG",10/01/2021,24/06/2027,MG87386148 SSP MG,562.871.304-07,12020983838,B1,BRASILEIRO(A),SR. ERICK MORAES,LIZ ARAGÃO
EDUARDO BARROS,03/11/2007,"08/05/1986, CALDEIRA DE ALMEIDA, BA",09/09/2025,22/09/2029,BA56558374 SSP BA,694.720.385-65,41727475684,A,BRASILEIRO(A),JOÃO GUILHERME PIMENTA,MILENA CAMPOS
GABRIELLY RIBEIRO,03/09/1997,"11/05/1986, MACHADO, SE",30/01/2025,21/03/2034,SE85081567 SSP SE,872.130.549-88,13717057197,B,BRASILEIRO(A),RAEL DA CRUZ,MILENA DA MOTA
NICOLAS LOPES,05/08/2001,"26/12/2006, TEIXEIRA, RN",18/09/2025,14/05/2034,RN28115532 SSP RN,783.519.246-28,96071872632,CE,BRASILEIRO(A),SR. NOAH ROCHA,NINA BRITO
ANA SOPHIA RODRIGUES,28/08/1997,"06/07/2002, FERNANDES DO SUL, PE",15/02/2023,17/06/2028,PE28841148 SSP PE,457.963.820-47,55196443863,C1,BRASILEIRO(A),ANTHONY CÂMARA,MELINA DA LUZ
HENRIQUE LIMA,01/11/2004,"14/11/2004, GARCIA, RJ",11/06/2021,30/10/2030,RJ15391083 SSP RJ,081.564.237-71,67234379522,D,BRASILEIRO(A),LUIGI BORGES,MELINA LOPES
DR. CALEBE PEIXOTO,26/05/1999,"19/07/1999, CASA GRANDE DO NORTE, GO",21/03/2025,18/08/2034,GO80108213 SSP GO,139.406.528-06,62041053359,D,BRASILEIRO(A),THOMAS SALES,DRA. EDUARDA MACHADO
EDUARDA RIOS,06/07/1996,"03/01/2006, RAMOS DE GOIÁS, SC",09/09/2023,25/05/2027,SC50723927 SSP SC,851.026.439-24,65128028124,D1,BRASILEIRO(A),SAMUEL TEIXEIRA,JULIANA ARAGÃO
LEVI SOUZA,28/12/2003,"04/09/1992, SIQUEIRA, RJ",08/03/2022,08/02/2029,RJ58769548 SSP RJ,601.275.394-25,38084742358,D1,BRASILEIRO(A),DAVI ANDRADE,STEPHANY RAMOS
ÍSIS DA MOTA,23/11/2001,"12/12/1993, RAMOS, MS",13/12/2021,22/11/2025,MS93540169 SSP MS,194.820.356-15,59743101529,B1,BRASILEIRO(A),SR. JOÃO FELIPE SAMPAIO,SRA. CAROLINA ALBUQUERQUE
SRA. ANA CLARA NOGUEIRA,29/06/2007,"30/09/1993, MOREIRA DE MINAS, AM",12/06/2022,10/06/2028,AM94378665 SSP AM,691.840.732-50,10817772864,B1,BRASILEIRO(A),SR. LUCAS CASTRO,ANA VITÓRIA MARTINS
ALÍCIA BORGES,27/10/1996,"22/03/1979, GOMES DA SERRA, RJ",19/06/2021,03/07/2027,RJ13043207 SSP RJ,361.594.720-70,30283464782,CE,BRASILEIRO(A),SR. VINICIUS JESUS,SRA. CAMILA PIRES
LUIGI CAMARGO,02/10/2002,"24/10/2002, DA CONCEIÇÃO DO OESTE, RR",06/05/2021,20/08/2028,RR65827336 SSP RR,857.640.921-67,80331451370,C1E,BRASILEIRO(A),GUSTAVO DAS NEVES,ISABELA NUNES
RAUL PEREIRA,18/08/2006,"14/06/1975, DA CUNHA, RJ",14/01/2022,27/11/2029,RJ40475233 SSP RJ,923.610.748-69,83420862426,CE,BRASILEIRO(A),JOÃO LUCAS JESUS,LUIZA FOGAÇA
LUNA COSTA,03/05/2007,"17/03/1965, FREITAS, TO",19/09/2023,05/07/2032,TO41235123 SSP TO,540.912.783-88,33904760359,D1E,BRASILEIRO(A),SR. ANTONY MENDONÇA,MARIA VITÓRIA MONTEIRO
ALEXANDRE SAMPAIO,17/05/1999,"06/06/1986, CIRINO, SP",04/03/2021,01/04/2024,SP96595192 SSP SP,904.712.563-07,23542583902,D,BRASILEIRO(A),MATEUS SALES,LARISSA SOUZA
EMANUEL DA ROSA,11/10/2007,"17/01/1984, MACHADO DE JESUS, SE",11/02/2025,03/02/2032,SE32647398 SSP SE,845.279.360-00,70371897482,CE,BRASILEIRO(A),ENZO CALDEIRA,SRA. MARCELA SAMPAIO
OLIVIA DA ROSA,02/01/2004,"01/08/1955, FERREIRA DO AMPARO, AC",18/12/2021,03/03/2026,AC99623760 SSP AC,715.960.328-12,17662648144,D,BRASILEIRO(A),RAVI GONÇALVES,SRA. PIETRA MENDONÇA
BENTO SILVEIRA,25/11/2002,"21/07/2003, MENDES DE NOVAES, MT",13/01/2025,08/03/2032,MT79985110 SSP MT,581.037.429-88,23570859451,A,BRASILEIRO(A),LUIZ MIGUEL FOGAÇA,MAITÊ MOREIRA
ENZO MENDONÇA,17/11/1996,"09/05/1963, FERREIRA DE GONÇALVES, SE",08/09/2022,13/05/2027,SE13666426 SSP SE,567.312.490-25,77265780692,DE,BRASILEIRO(A),ANDRÉ LOPES,LUANA VARGAS
DAVI MIGUEL COSTELA,06/03/1997,"10/02/1982, PASTOR VERDE, PR",14/12/2024,25/11/2028,PR50573736 SSP PR,623.715.489-28,56104537313,DE,BRASILEIRO(A),LORENZO CIRINO,HADASSA RIOS
RAQUEL APARECIDA,13/12/2001,"13/11/1994, DA CRUZ, RN",02/04/2025,02/09/2033,RN32954461 SSP RN,086.154.372-62,74273654155,BE,BRASILEIRO(A),DR. LEVI MENDES,ANA LUIZA MACEDO
MAYA PIRES,08/07/1999,"13/04/1965, MONTEIRO, RO",30/05/2025,28/08/2028,RO89698073 SSP RO,164.807.925-30,46784234381,D,BRASILEIRO(A),DR. GUSTAVO CAMPOS,YASMIN DA CONCEIÇÃO
DRA. MARIA AZEVEDO,17/03/2004,"15/02/1966, DUARTE, AM",06/12/2024,06/08/2032,AM12494531 SSP AM,512.389.670-86,16663173123,C1,BRASILEIRO(A),MIGUEL CUNHA,SRA. ISADORA PINTO
CLARICE CASSIANO,09/04/2005,"21/08/2005, VASCONCELOS, BA",25/08/2024,26/08/2029,BA38110422 SSP BA,542.718.930-05,55274604103,C1E,BRASILEIRO(A),SR. MATHEUS APARECIDA,LIZ FERNANDES
SAMUEL PIMENTA,28/01/2000,"07/11/1988, FOGAÇA DO AMPARO, MT",01/07/2023,31/07/2027,MT80869097 SSP MT,198.320.675-02,99889068280,D,BRASILEIRO(A),DR. LEVI OLIVEIRA,BIANCA SILVEIRA
MAYA MONTENEGRO,14/11/2001,"25/01/2004, DA LUZ DAS FLORES, SC",07/06/2021,30/04/2025,SC38583251 SSP SC,104.693.257-80,31522202860,CE,BRASILEIRO(A),YURI CÂMARA,ALEXIA DA CONCEIÇÃO
RAUL BRITO,08/02/2005,"20/12/1974, PORTO, RR",22/01/2025,29/12/2032,RR96440714 SSP RR,534.209.178-05,16668515130,D1E,BRASILEIRO(A),FRANCISCO LIMA,BELLA DIAS
MANUELLA MACHADO,22/11/1999,"07/08/1964, MACHADO, BA",15/10/2022,25/08/2029,BA60210655 SSP BA,651.973.842-55,93938729391,A1,BRASILEIRO(A),ARTHUR OLIVEIRA,MANUELLA DA MOTA
ANTÔNIO SANTOS,01/12/1996,"20/07/1986, LEÃO, AM",24/11/2021,21/11/2027,AM29440187 SSP AM,194.023.576-61,96531324104,D1E,BRASILEIRO(A),GUILHERME SOUSA,VALENTINA MARQUES
FERNANDO LIMA,07/08/1999,"08/09/2000, SILVEIRA DO NORTE, GO",17/04/2023,23/10/2028,GO36747337 SSP GO,536.482.170-62,12441907833,A,BRASILEIRO(A),PIETRO REZENDE,SRTA. EVELYN CIRINO
LÍVIA COSTELA,13/06/2005,"15/05/1965, NOGUEIRA DO OESTE, SC",05/05/2021,04/12/2028,SC95845275 SSP SC,317.294.508-14,85470246664,B1,BRASILEIRO(A),JOÃO LUCAS RIBEIRO,MIRELLA DAS NEVES
ANA LAURA NOVAIS,04/11/2000,"28/08/1963, DA CONCEIÇÃO DO SUL, MT",29/03/2021,30/07/2025,MT69169989 SSP MT,921.465.038-15,23601323727,D1,BRASILEIRO(A),HENRY GABRIEL VIEIRA,MAYA CAMARGO
LUIZ FERNANDO PEREIRA,12/03/2003,"27/11/1996, DIAS, ES",22/09/2022,01/02/2029,ES56641483 SSP ES,420.389.615-06,29848423805,BE,BRASILEIRO(A),SR. LEANDRO DA MOTA,DANIELA DAS NEVES
DR. RAEL MORAES,07/01/2002,"18/11/1978, CORREIA, RO",21/06/2024,15/11/2030,RO57204467 SSP RO,028.756.941-11,14187309731,D1,BRASILEIRO(A),MIGUEL CIRINO,ESTER MARTINS
ALLANA NUNES,23/10/2004,"26/09/2002, NUNES DAS FLORES, SP",06/03/2025,30/04/2034,SP17589717 SSP SP,403.562.971-52,10836962320,D1,BRASILEIRO(A),JOÃO MIGUEL PACHECO,SRTA. MARIA FLOR SALES
BELLA ABREU,08/03/2006,"29/10/1970, CUNHA DAS FLORES, MS",01/03/2025,06/02/2029,MS69116214 SSP MS,267.083.145-17,50694560312,D1,BRASILEIRO(A),YAGO CASA GRANDE,ISABELLA GUERRA
SARAH NUNES,03/12/2005,"14/07/2003, RIOS PAULISTA, SP",23/01/2025,03/09/2033,SP63531625 SSP SP,301.928.754-50,65525938936,A1,BRASILEIRO(A),JUAN PEIXOTO,JULIA LIMA
VALENTIM VASCONCELOS,16/06/2002,"23/01/1994, NUNES DE MINAS, PE",17/12/2020,19/02/2029,PE96565852 SSP PE,823.096.517-02,10596679404,DE,BRASILEIRO(A),LUIZ FERNANDO NASCIMENTO,ANA SOPHIA BRITO
SARA CARVALHO,29/08/2007,"02/11/1965, SALES VERDE, RJ",02/09/2021,18/06/2027,RJ91813728 SSP RJ,749.362.051-25,19905045187,CE,BRASILEIRO(A),HEITOR CARVALHO,LAVÍNIA CÂMARA
GABRIEL GONÇALVES,26/11/2006,"10/04/2000, NUNES VERDE, AM",02/04/2025,08/01/2031,AM25832506 SSP AM,203.415.679-06,62420119867,ACC,BRASILEIRO(A),LUIZ MIGUEL ARAÚJO,SRA. PIETRA VIANA
LAVÍNIA MACHADO,26/09/1999,"04/11/1996, DA ROCHA, SP",13/05/2025,05/04/2033,SP51517418 SSP SP,746.309.215-16,81821057453,B,BRASILEIRO(A),EMANUEL PINTO,LAVÍNIA VASCONCELOS
MARIA LAURA MARTINS,15/03/1997,"24/08/2007, FARIAS, PA",08/11/2025,11/09/2030,PA52607452 SSP PA,950.482.716-02,11421944270,BE,BRASILEIRO(A),LORENZO NOVAIS,ANA CECÍLIA SÁ
OLIVIA SAMPAIO,07/07/2006,"06/10/1961, DA CUNHA DA PRAIA, RS",25/08/2024,30/12/2031,RS35648156 SSP RS,034.925.618-70,56697964084,B1,BRASILEIRO(A),LUCAS GABRIEL SANTOS,CLARICE CARVALHO
DIOGO PEREIRA,01/09/2001,"04/06/1969, CAVALCANTE, AM",17/04/2021,11/02/2027,AM52125216 SSP AM,967.234.580-10,59517607044,C1E,BRASILEIRO(A),ASAFE SOUZA,HADASSA MORAES
ANTONELLA PASTOR,12/11/2002,"30/07/1964, MONTENEGRO DA PRAIA, PA",13/05/2023,17/01/2031,PA29529230 SSP PA,364.572.801-53,26122171432,B,BRASILEIRO(A),DR. ANTONY CASTRO,LORENA REZENDE
MATEUS FARIAS,22/02/2003,"02/07/1982, CASSIANO, AM",14/04/2021,27/09/2026,AM58922009 SSP AM,578.123.096-30,80499175469,B1,BRASILEIRO(A),ANDRÉ ALBUQUERQUE,GABRIELLY MACEDO
RAFAELA CASTRO,22/08/1996,"29/02/1988, SOUZA DAS PEDRAS, TO",06/11/2025,17/12/2031,TO99423661 SSP TO,251.764.039-43,63795822065,DE,BRASILEIRO(A),MIGUEL GUERRA,DRA. ANA CAROLINA MORAES
LUNNA MOURA,07/01/2000,"11/01/1985, NOVAIS DE CALDEIRA, BA",08/08/2021,08/11/2029,BA72194891 SSP BA,918.762.450-85,57271200320,B,BRASILEIRO(A),SR. JUAN COSTA,MARIA LIZ BARROS
RHAVI OLIVEIRA,26/09/1998,"02/11/1985, GARCIA DE ABREU, PB",04/07/2021,01/02/2026,PB12019725 SSP PB,623.580.974-38,65580219627,C1,BRASILEIRO(A),LORENZO MARQUES,ANA BEATRIZ REZENDE
NICOLE SIQUEIRA,03/08/2004,"11/09/1980, PEREIRA, AC",19/12/2024,13/06/2033,AC14701572 SSP AC,673.058.429-74,26167078150,A1,BRASILEIRO(A),KAIQUE AZEVEDO,BELLA CIRINO
ANA BEATRIZ DA ROSA,27/02/2001,"14/06/1962, CORREIA DE GOIÁS, RN",06/02/2025,27/01/2034,RN90082681 SSP RN,907.835.642-10,78344506679,B,BRASILEIRO(A),DIEGO DA CRUZ,ANNA LIZ DA LUZ
JUAN MACEDO,05/11/1996,"06/07/1982, MOURA, GO",12/09/2022,08/05/2026,GO46588934 SSP GO,362.419.780-04,77515276890,ACC,BRASILEIRO(A),GUSTAVO HENRIQUE VIANA,LUANA ARAÚJO
JULIA CASTRO,27/01/2003,"04/03/1982, BARBOSA, PA",28/06/2023,02/04/2030,PA30949795 SSP PA,057.839.612-21,50065280414,BE,BRASILEIRO(A),BENJAMIN FREITAS,LAÍS DA CUNHA
DANIEL ROCHA,14/08/2004,"07/05/1989, CASTRO, AM",07/06/2023,04/11/2026,AM99934798 SSP AM,261.409.537-07,60777560541,A1,BRASILEIRO(A),BRAYAN FARIAS,AGATHA MOURA
VITÓRIA APARECIDA,03/12/2001,"02/07/1990, SOUZA PAULISTA, MG",28/06/2022,08/01/2029,MG89679802 SSP MG,610.392.874-50,20572495032,A1,BRASILEIRO(A),RAUL GUERRA,ALEXIA MARTINS
JOSÉ MIGUEL FERNANDES,24/02/2007,"26/10/1962, COSTA DAS PEDRAS, GO",29/08/2025,11/07/2030,GO77482295 SSP GO,589.623.174-19,10709260782,B1,BRASILEIRO(A),ASAFE FERREIRA,OLIVIA CAMPOS
JADE ALBUQUERQUE,10/02/1996,"04/05/1980, ALVES, SE",06/08/2022,10/08/2029,SE29167381 SSP SE,739.265.041-61,97258519745,C1,BRASILEIRO(A),RAEL FONSECA,SRA. LUIZA COSTA
YAGO MARQUES,29/11/1997,"17/05/1962, VASCONCELOS DO GALHO, AM",21/08/2025,04/05/2032,AM40527044 SSP AM,491.385.027-04,47646321821,BE,BRASILEIRO(A),YAGO MOREIRA,HELOISA SALES
SRTA. MARIA CLARA NUNES,08/10/2006,"15/08/2006, VARGAS, PE",25/05/2023,07/12/2027,PE43761546 SSP PE,619.740.358-75,85723884824,C1E,BRASILEIRO(A),BRYAN BARROS,MARIA LUÍSA PORTO
ANA LIZ MENDONÇA,17/03/1996,"19/10/2006, PEIXOTO DE GOIÁS, BA",23/12/2023,12/09/2031,BA64051708 SSP BA,296.130.847-03,98736623849,ACC,BRASILEIRO(A),NICOLAS CIRINO,MANUELLA MOREIRA
MARIA SOPHIA BARBOSA,02/01/2003,"19/01/2004, SOUSA, TO",11/05/2023,20/02/2032,TO25791019 SSP TO,538.067.241-80,21088269693,B,BRASILEIRO(A),LÉO RODRIGUES,HADASSA NASCIMENTO
DANTE PEREIRA,23/01/2007,"30/05/1994, COSTA, RJ",05/02/2023,11/09/2029,RJ15751162 SSP RJ,035.192.874-04,84662493682,CE,BRASILEIRO(A),VALENTIM NUNES,STEPHANY PORTO
LUCAS GABRIEL MACHADO,22/09/2000,"23/04/1965, ROCHA DA PRATA, TO",14/07/2021,16/03/2031,TO75649855 SSP TO,589.736.102-95,58396621648,C1,BRASILEIRO(A),PEDRO HENRIQUE LEÃO,ISABELLY FONSECA
JUAN RAMOS,25/05/2003,"23/06/1964, ARAÚJO DE MINAS, SC",15/05/2024,11/11/2033,SC81205215 SSP SC,621.405.837-44,66962521713,ACC,BRASILEIRO(A),THEODORO DA MATA,HELLENA DUARTE
DRA. BIANCA MONTENEGRO,19/10/2001,"18/06/1977, GONÇALVES DAS FLORES, RN",15/07/2024,27/06/2028,RN28186121 SSP RN,938.472.516-19,48483473267,A,BRASILEIRO(A),SR. JOÃO GUILHERME MELO,SRTA. CECÍLIA DA LUZ
JOÃO VITOR COSTA,29/09/1999,"13/10/1962, RIBEIRO, DF",28/06/2022,04/03/2027,DF56540762 SSP DF,948.752.631-55,81296151605,A,BRASILEIRO(A),THEODORO MENDONÇA,ISABEL CUNHA
GABRIELLY CAVALCANTE,03/08/2003,"23/09/1995, NOVAES, PE",09/12/2022,21/07/2032,PE94454935 SSP PE,653.914.280-33,89522079783,C1E,BRASILEIRO(A),DAVI LUCCA MORAES,SRA. ANA CAROLINA MENDES
RAVI MONTEIRO,23/09/2001,"15/09/2007, SOUZA, AL",03/12/2022,15/12/2030,AL22753251 SSP AL,846.503.712-44,54996152917,CE,BRASILEIRO(A),JUAN CASTRO,AGATHA MELO
ANA ARAGÃO,08/11/2005,"09/01/1989, CASA GRANDE, RJ",21/03/2021,17/09/2030,RJ28542659 SSP RJ,392.718.045-97,67355252691,ACC,BRASILEIRO(A),MIGUEL RODRIGUES,HELLENA DA CONCEIÇÃO
ISABELA SANTOS,24/05/1999,"05/04/2007, BRITO DE FOGAÇA, SP",24/01/2023,26/08/2028,SP54515420 SSP SP,687.259.043-29,52027361247,D1E,BRASILEIRO(A),DANILO BORGES,JULIANA PEREIRA
RAFAEL MONTEIRO,12/10/1997,"08/08/1966, VIANA, ES",24/05/2023,04/09/2030,ES59989674 SSP ES,873.210.956-30,90608138716,BE,BRASILEIRO(A),FELIPE JESUS,MARIA LIZ DA ROCHA
AYLLA MACEDO,29/08/2003,"22/11/2004, FOGAÇA DA MATA, RR",19/08/2023,14/09/2028,RR72838816 SSP RR,876.401.295-67,36981081147,B,BRASILEIRO(A),LEVI AZEVEDO,DRA. ELOAH PEIXOTO
DAVI MIGUEL LOPES,08/06/2002,"05/05/1997, SÁ, MA",13/01/2022,30/10/2025,MA18122906 SSP MA,081.975.462-58,29395519027,C1,BRASILEIRO(A),ARTHUR MIGUEL MACEDO,CECÍLIA ALVES
THEO ARAGÃO,14/10/1998,"25/12/1962, TEIXEIRA, DF",12/04/2022,12/01/2026,DF72207198 SSP DF,183.629.470-04,56254202027,D1,BRASILEIRO(A),DR. ENZO DA CONCEIÇÃO,ANA LUIZA APARECIDA
LAÍS CAMARGO,18/05/1996,"18/10/1993, ALMEIDA DA PRAIA, AM",18/02/2021,19/08/2024,AM15651318 SSP AM,538.261.074-62,20660147815,DE,BRASILEIRO(A),OTTO MENDONÇA,CAROLINE LOPES
VICENTE FERREIRA,19/07/2006,"18/09/1988, MACEDO DO NORTE, GO",29/03/2023,11/09/2028,GO75704171 SSP GO,096.372.184-40,44132406323,C1,BRASILEIRO(A),JOSÉ MACEDO,MANUELA GARCIA
SRTA. CAMILA CÂMARA,29/04/2004,"09/06/1969, CARVALHO PAULISTA, MG",11/05/2022,27/07/2026,MG23378960 SSP MG,385.721.609-30,15439790795,A1,BRASILEIRO(A),ARTHUR GABRIEL RODRIGUES,MARIA HELENA DA MOTA
SRA. BELLA NOVAIS,18/08/2004,"06/05/1983, DA CONCEIÇÃO DO AMPARO, BA",11/05/2023,24/10/2031,BA76142377 SSP BA,310.756.248-35,88885009975,CE,BRASILEIRO(A),PIETRO DA MOTA,HADASSA FONSECA
ÍSIS ALVES,27/02/1996,"05/02/2007, FONSECA DE MINAS, ES",09/08/2023,13/12/2030,ES66817931 SSP ES,974.361.085-57,96878130475,CE,BRASILEIRO(A),HENRY BRITO,ISABELLA DA CONCEIÇÃO
RHAVI DA ROSA,22/01/2002,"01/03/2003, VASCONCELOS DE SÁ, PB",02/10/2025,27/10/2029,PB73946491 SSP PB,239.108.754-32,84273343264,C1,BRASILEIRO(A),DANTE PIRES,MAYA DA MOTA
PAULO PASTOR,15/11/2001,"28/04/2000, CASTRO, AM",25/01/2023,07/12/2028,AM91591312 SSP AM,920.418.675-58,93325972284,D1,BRASILEIRO(A),PAULO DAS NEVES,MANUELA FERNANDES
ARTHUR GABRIEL CASSIANO,31/10/2000,"06/07/1984, VIANA DA MATA, PR",09/10/2021,08/02/2025,PR72170149 SSP PR,605.382.194-24,12764230135,A1,BRASILEIRO(A),PEDRO LUCAS DA MOTA,LUNNA VASCONCELOS
DAVI PIMENTA,23/12/2004,"27/11/1992, ALMEIDA DO CAMPO, AC",25/04/2024,10/11/2028,AC93766309 SSP AC,908.142.635-42,78822318234,B,BRASILEIRO(A),RHAVI JESUS,SRA. HELENA NOVAIS
LORENA DA ROCHA,04/09/2000,"06/06/1962, DAS NEVES, PA",29/05/2022,17/03/2027,PA92564501 SSP PA,781.592.640-11,86397218000,BE,BRASILEIRO(A),ALEXANDRE DA ROSA,MARIA FLOR AZEVEDO
CAUÊ ABREU,12/04/1996,"27/09/1990, NOVAIS, PE",28/08/2022,04/08/2026,PE53490536 SSP PE,619.854.203-33,40544810325,C1E,BRASILEIRO(A),JOÃO GABRIEL ALMEIDA,ANA JULIA GOMES
DANILO PEIXOTO,08/09/1999,"10/02/1967, OLIVEIRA, PR",10/10/2022,17/12/2025,PR18948159 SSP PR,085.932.476-10,45030852490,D,BRASILEIRO(A),LUCCA MOREIRA,ALLANA PINTO
CLARICE GUERRA,03/07/2004,"06/10/1988, MENDONÇA DAS PEDRAS, RS",14/09/2023,31/03/2033,RS78220831 SSP RS,135.462.780-62,34036966983,A1,BRASILEIRO(A),DR. VALENTIM DA COSTA,HADASSA PORTO
LÍVIA CORREIA,26/05/2007,"05/01/1970, DA ROCHA DE SALES, RJ",23/02/2021,15/04/2025,RJ39758470 SSP RJ,536.192.487-37,12238656687,DE,BRASILEIRO(A),KEVIN DA CONCEIÇÃO,MARIA ALICE CARDOSO
SR. ASAFE BORGES,05/10/2004,"04/09/1964, DIAS, PI",26/10/2024,15/09/2034,PI79648769 SSP PI,045.612.873-53,45920055418,D1,BRASILEIRO(A),MATEUS COSTELA,ALÍCIA PORTO
EMILLY RIOS,07/11/1999,"30/03/1971, LIMA DE BARBOSA, SC",06/11/2021,02/04/2026,SC69819623 SSP SC,930.246.857-74,70811647640,ACC,BRASILEIRO(A),DR. CAUÊ APARECIDA,VITÓRIA FARIAS
MANUELLA ARAGÃO,19/06/2004,"24/07/1987, DA LUZ, AC",20/10/2024,23/11/2031,AC99820048 SSP AC,605.913.872-12,61030153373,DE,BRASILEIRO(A),MATHEUS PIMENTA,AURORA SÁ
SRTA. RAFAELA FERREIRA,03/01/2000,"20/09/1986, ABREU DE NOVAES, TO",14/05/2022,08/01/2026,TO99142824 SSP TO,697.418.035-75,33157122499,B,BRASILEIRO(A),APOLLO LEÃO,LETÍCIA FREITAS
SR. JOÃO LUCAS PIRES,24/05/2007,"10/12/2005, CAMARGO DA PRATA, SP",27/02/2025,18/12/2030,SP43305606 SSP SP,924.751.630-70,61407842227,B,BRASILEIRO(A),DR. BRYAN OLIVEIRA,ANA CAROLINA PIMENTA
ISAQUE DA LUZ,11/12/2000,"12/08/1999, CALDEIRA, AL",22/11/2020,07/10/2026,AL16775822 SSP AL,538.967.102-30,79134673968,B1,BRASILEIRO(A),DAVI DIAS,SRTA. ELOÁ ALVES
HENRY GABRIEL NOVAIS,15/06/2000,"09/09/1995, MACEDO, SE",16/12/2023,28/08/2027,SE70212494 SSP SE,593.120.867-40,37791154401,ACC,BRASILEIRO(A),MURILO MENDES,AYLLA DA ROSA
SR. VINÍCIUS SOUZA,05/11/2006,"16/12/1964, CARDOSO GRANDE, PB",16/12/2022,30/04/2031,PB62673172 SSP PB,203.758.964-65,98365825084,D1E,BRASILEIRO(A),LUIZ FELIPE ALBUQUERQUE,GABRIELLY CALDEIRA
ANA BEATRIZ RAMOS,08/11/2003,"25/01/1976, MENDONÇA DAS FLORES, BA",09/02/2025,11/09/2032,BA10066156 SSP BA,392.045.786-29,92331972152,D,BRASILEIRO(A),JOÃO GOMES,CLARICE DA PAZ
ISAQUE NASCIMENTO,02/03/2001,"12/08/1960, FARIAS DE SILVA, AP",19/02/2021,10/09/2025,AP94723226 SSP AP,169.583.427-55,88809557051,C,BRASILEIRO(A),DR. JOAQUIM TEIXEIRA,MARINA DUARTE
BIANCA ROCHA,01/01/2005,"14/04/1965, ARAÚJO DE COSTELA, RS",26/11/2023,20/08/2033,RS33551818 SSP RS,861.052.479-58,56315077805,BE,BRASILEIRO(A),CAIO CUNHA,ELISA DA CRUZ
ALICE OLIVEIRA,06/03/2003,"19/12/1972, DAS NEVES DAS FLORES, SE",27/02/2021,31/03/2030,SE22012312 SSP SE,480.931.672-69,40508556727,A1,BRASILEIRO(A),THOMAS DA ROCHA,ANA BEATRIZ CASSIANO
THOMAS MARQUES,02/06/2001,"19/02/1992, BORGES, MA",03/03/2021,15/08/2025,MA96698005 SSP MA,415.276.830-44,61612994621,D1,BRASILEIRO(A),FERNANDO DAS NEVES,ANA VITÓRIA BARBOSA
SRA. ANA LÍVIA FERREIRA,29/03/2006,"27/09/1994, CARDOSO DE ARAGÃO, AL",16/08/2025,21/08/2034,AL63431749 SSP AL,827.390.165-30,15850076893,ACC,BRASILEIRO(A),JUAN ABREU,ZOE NOVAES
HELOISA CALDEIRA,01/04/2007,"07/08/1978, FREITAS DAS PEDRAS, PI",27/11/2020,03/08/2025,PI88991501 SSP PI,921.075.648-76,95116069872,A,BRASILEIRO(A),ENZO BRITO,ANA CLARA CALDEIRA
LAVÍNIA MOREIRA,15/10/2006,"04/08/1966, BRITO DE ALMEIDA, GO",20/06/2025,21/10/2031,GO80190639 SSP GO,829.601.437-87,46796184280,DE,BRASILEIRO(A),THÉO JESUS,AYLLA PIRES
JOÃO VITOR MONTEIRO,11/07/2003,"23/09/1974, DA PAZ DO AMPARO, MG",15/08/2021,03/04/2026,MG35169145 SSP MG,384.605.279-56,93351111754,D1,BRASILEIRO(A),SR. PEDRO MIGUEL BARBOSA,MARIA CECÍLIA SOUZA
LETÍCIA FOGAÇA,14/10/2005,"10/08/1987, DA COSTA DO AMPARO, RO",20/02/2025,01/07/2032,RO88624762 SSP RO,943.216.587-64,10218086456,C1,BRASILEIRO(A),ASAFE ARAGÃO,SOPHIE CAMARGO
MARIA DA COSTA,15/06/2007,"01/01/1991, SOUSA, CE",09/10/2025,22/08/2033,CE65232852 SSP CE,658.904.172-58,82053216620,C1,BRASILEIRO(A),DR. THIAGO VIEIRA,DRA. VITÓRIA CAMPOS
CLARICE CAVALCANTE,25/03/2007,"15/04/1978, DA CRUZ DE GONÇALVES, RR",13/01/2024,29/06/2028,RR41635935 SSP RR,718.243.905-05,76827060159,ACC,BRASILEIRO(A),EMANUEL DA ROCHA,MARCELA DA MATA
GUILHERME BRITO,18/09/2000,"02/10/1982, FARIAS, ES",13/09/2022,08/11/2029,ES90596645 SSP ES,137.948.206-22,65543371628,C1,BRASILEIRO(A),ENZO GABRIEL ARAGÃO,EVELYN SILVEIRA
LUNA PIRES,06/04/2007,"24/09/1978, DA CUNHA, MS",27/04/2021,29/08/2029,MS38988203 SSP MS,629.380.475-92,38630590349,A,BRASILEIRO(A),BENJAMIN DA ROSA,MELISSA CAMPOS
RODRIGO SALES,21/10/1998,"11/06/1964, CASSIANO VERDE, MS",19/12/2021,15/11/2026,MS63380596 SSP MS,098.563.412-05,38680574701,C1E,BRASILEIRO(A),LUIZ FELIPE LOPES,MANUELA ARAGÃO
ELOÁ FONSECA,13/10/2000,"21/09/2007, CASSIANO, RN",04/06/2025,25/07/2030,RN62696217 SSP RN,598.021.376-77,86125495703,C1,BRASILEIRO(A),SR. JOÃO FELIPE SIQUEIRA,ANA LUIZA FARIAS
LETÍCIA CAVALCANTI,29/10/2007,"20/11/1958, SALES DO GALHO, ES",03/04/2024,20/09/2030,ES57777399 SSP ES,380.165.924-06,89471658103,A,BRASILEIRO(A),MARCOS VINICIUS JESUS,YASMIN SAMPAIO
SR. DAVI BORGES,07/06/2003,"19/12/1980, PEIXOTO PAULISTA, PB",14/12/2022,20/08/2027,PB56100903 SSP PB,583.941.260-06,34521189659,DE,BRASILEIRO(A),THÉO LEÃO,MARIA JÚLIA SAMPAIO
SR. LORENZO GUERRA,05/12/1999,"28/04/2001, FREITAS, AM",22/09/2024,18/07/2031,AM76032990 SSP AM,657.893.142-28,34793539885,BE,BRASILEIRO(A),ANTHONY GABRIEL CAMPOS,CATARINA SAMPAIO
MELISSA DA MOTA,06/06/1998,"16/03/1974, COSTELA, AM",21/08/2023,08/02/2033,AM85342301 SSP AM,245.879.103-41,54213942627,ACC,BRASILEIRO(A),RAFAEL MELO,MARIANE PACHECO
SRA. ALEXIA PEREIRA,21/04/2003,"11/03/1991, DUARTE ALEGRE, BA",27/01/2023,06/02/2030,BA73187273 SSP BA,091.324.758-88,98919397333,CE,BRASILEIRO(A),JOÃO MIGUEL REZENDE,SRA. NICOLE ANDRADE
JÚLIA DA LUZ,03/04/1999,"05/09/2004, DA CUNHA, RN",25/09/2024,22/02/2032,RN40922251 SSP RN,457.391.826-46,97540753969,A,BRASILEIRO(A),PAULO NUNES,BEATRIZ OLIVEIRA
DAVI MIGUEL APARECIDA,12/09/2000,"30/07/1980, MOREIRA, SC",17/04/2025,06/11/2033,SC11874836 SSP SC,305.482.769-00,18959406748,B,BRASILEIRO(A),VINICIUS LIMA,HELLENA RAMOS
DIEGO COSTA,22/04/2003,"24/04/1993, SANTOS, DF",09/03/2021,17/02/2029,DF43205954 SSP DF,641.085.972-49,31322892483,ACC,BRASILEIRO(A),DAVI MIGUEL CASTRO,MAYSA RODRIGUES
SR. FELIPE CUNHA,25/05/2007,"20/03/1998, BORGES DOS DOURADOS, DF",26/08/2024,12/07/2030,DF63968940 SSP DF,709.135.486-93,15842070744,D1,BRASILEIRO(A),SR. LUIZ FELIPE LIMA,ANA CLARA ABREU
ANA BEATRIZ RIBEIRO,22/04/2000,"20/04/1978, DA LUZ DO GALHO, RO",19/01/2021,06/03/2028,RO83051643 SSP RO,476.802.935-38,91421805949,ACC,BRASILEIRO(A),SR. THOMAS LEÃO,OLIVIA FARIAS
MARIANE FREITAS,13/03/1996,"31/05/1967, RODRIGUES DA SERRA, GO",25/06/2021,09/03/2031,GO49878500 SSP GO,358.416.079-01,99361047510,ACC,BRASILEIRO(A),GAEL HENRIQUE FOGAÇA,MARIA LIZ FOGAÇA
MARIA CLARA CASSIANO,06/02/2004,"31/08/1977, VASCONCELOS PAULISTA, ES",01/03/2022,28/04/2030,ES69311967 SSP ES,743.296.058-56,37185541991,D1E,BRASILEIRO(A),GUILHERME CARVALHO,ANA CAROLINA GONÇALVES
MILENA DAS NEVES,24/06/2003,"05/07/1960, RIBEIRO, AL",22/03/2022,22/09/2025,AL56791553 SSP AL,396.052.814-06,36725384892,C1,BRASILEIRO(A),VALENTIM FARIAS,ÍSIS DA PAZ
NINA SANTOS,12/10/2000,"27/09/1999, DIAS, ES",08/10/2023,24/09/2030,ES89343321 SSP ES,861.097.324-78,11061265635,DE,BRASILEIRO(A),DIEGO ARAGÃO,SOFIA DA LUZ
BENJAMIM MARQUES,06/04/2005,"05/04/1989, PORTO DO NORTE, AP",08/06/2024,01/05/2033,AP25211938 SSP AP,492.850.317-14,74475622785,BE,BRASILEIRO(A),BENJAMIM BORGES,EMANUELLY LEÃO
BÁRBARA RIBEIRO,29/03/2005,"04/05/1988, CAMARGO, PA",04/08/2021,05/07/2027,PA51519503 SSP PA,716.504.829-49,81630411551,ACC,BRASILEIRO(A),VITOR HUGO DA LUZ,ALEXIA DIAS
SOPHIA PIMENTA,04/05/2000,"24/02/1972, RODRIGUES DE GARCIA, SE",07/10/2021,08/02/2028,SE75895446 SSP SE,032.476.189-96,93100374814,D1,BRASILEIRO(A),LUIZ OTÁVIO CASSIANO,CAROLINE LOPES
RHAVI DA LUZ,31/05/1997,"23/04/1961, ARAÚJO, PB",10/04/2022,10/07/2028,PB48289314 SSP PB,928.514.630-98,87428896957,ACC,BRASILEIRO(A),GAEL HENRIQUE NOVAIS,LAVÍNIA MENDONÇA
RYAN NASCIMENTO,31/10/2003,"15/09/1956, PORTO, MA",27/04/2024,02/10/2028,MA56699816 SSP MA,368.047.125-44,37604430796,A1,BRASILEIRO(A),RAVI DUARTE,SRA. VALENTINA NOGUEIRA
BIANCA RAMOS,25/07/1999,"26/10/1992, CARDOSO DE APARECIDA, SC",18/07/2024,03/07/2030,SC95228813 SSP SC,635.208.147-90,89603804333,D1E,BRASILEIRO(A),OTÁVIO PIRES,ALÍCIA CAVALCANTE
THEO MACHADO,05/10/1996,"22/07/1994, PINTO DAS FLORES, AC",18/05/2021,04/12/2024,AC50550947 SSP AC,361.452.708-53,28204503741,C,BRASILEIRO(A),APOLLO CUNHA,SRA. NINA MELO
LUCAS GABRIEL TEIXEIRA,03/06/2000,"03/07/1966, DA CUNHA GRANDE, AC",31/12/2021,14/04/2026,AC96047282 SSP AC,573.940.826-10,36791249010,C,BRASILEIRO(A),HENRY GABRIEL CAMPOS,CAROLINA CAVALCANTI
ANDRÉ SÁ,06/08/1998,"20/03/1979, CAMPOS GRANDE, MA",27/03/2025,21/02/2029,MA41834223 SSP MA,721.394.065-16,64607348670,D,BRASILEIRO(A),JOÃO PEREIRA,DRA. LUÍSA GUERRA
ERICK NOVAIS,17/01/2000,"08/10/1955, VARGAS DO OESTE, RR",12/04/2023,15/05/2029,RR59718743 SSP RR,076.342.591-52,57379240531,ACC,BRASILEIRO(A),DR. BENJAMIN DA MATA,SRTA. MARIA CECÍLIA DA MATA
JOSÉ ROCHA,30/09/2003,"09/11/1964, PIMENTA DO OESTE, DF",14/06/2025,25/02/2033,DF20540817 SSP DF,157.869.430-20,61216967865,B,BRASILEIRO(A),DANILO MORAES,MARIA CECÍLIA BARROS
ZOE GARCIA,02/11/2002,"05/06/1963, AZEVEDO, MG",15/11/2023,16/01/2028,MG89052471 SSP MG,182.460.957-49,56610426890,C1,BRASILEIRO(A),BENTO BORGES,SRTA. YASMIN CUNHA
DAVI LUIZ CARVALHO,25/11/2002,"19/10/1980, PASTOR, CE",24/04/2025,03/04/2030,CE68766163 SSP CE,172.893.560-12,57213077871,D,BRASILEIRO(A),RAEL CIRINO,LUÍSA SILVEIRA
GAEL HENRIQUE PACHECO,11/01/2004,"19/09/1963, FONSECA, MS",04/12/2020,09/07/2030,MS52452951 SSP MS,107.982.465-02,95297829396,DE,BRASILEIRO(A),FERNANDO PACHECO,ÍSIS ANDRADE
JULIA ARAÚJO,06/03/2006,"12/10/1979, NUNES, RS",30/06/2025,23/05/2032,RS68257427 SSP RS,837.920.561-86,43767835201,BE,BRASILEIRO(A),ARTHUR ARAGÃO,ISABELLA NUNES
SRA. LUANA CARVALHO,12/12/2000,"23/11/1990, FOGAÇA DE MINAS, PR",20/08/2021,22/01/2026,PR93823507 SSP PR,589.067.143-00,28942769826,B1,BRASILEIRO(A),SR. LUIZ FELIPE CAMARGO,LIZ GUERRA
DAVI LUIZ ARAGÃO,17/08/2004,"09/04/1957, SANTOS, MS",04/05/2022,09/07/2028,MS40137636 SSP MS,324.019.875-41,13859715154,B,BRASILEIRO(A),CALEBE CASA GRANDE,HELLENA SILVA
DRA. SARAH FONSECA,04/02/1997,"09/06/1973, JESUS PAULISTA, ES",24/10/2025,03/02/2035,ES30193892 SSP ES,584.602.193-05,83587741914,D1,BRASILEIRO(A),IGOR CUNHA,CAROLINE DA ROCHA
RAQUEL FOGAÇA,19/02/2003,"24/11/1981, MARTINS, RO",04/08/2023,11/04/2028,RO54910347 SSP RO,634.970.528-92,67456280487,DE,BRASILEIRO(A),IGOR FERNANDES,SRTA. OLIVIA GUERRA
MATHIAS DA PAZ,08/05/2005,"08/12/1959, DA ROSA GRANDE, PE",06/11/2025,17/08/2029,PE42304743 SSP PE,023.946.785-00,65587723439,A,BRASILEIRO(A),DOM FERREIRA,MARCELA TEIXEIRA
GUSTAVO HENRIQUE SAMPAIO,26/02/1996,"07/04/2000, RODRIGUES DO SUL, CE",28/02/2023,16/08/2026,CE96700963 SSP CE,672.093.415-52,69679464850,ACC,BRASILEIRO(A),THÉO GOMES,SRA. PIETRA ALBUQUERQUE
SR. BRAYAN MARQUES,09/06/2003,"15/10/2001, SOUZA VERDE, SE",12/02/2025,27/02/2033,SE52942088 SSP SE,035.412.786-17,72169171248,D1,BRASILEIRO(A),THEO CALDEIRA,ANNA LIZ BRITO
RAVY VARGAS,12/09/2006,"29/08/1980, DA PAZ, PE",26/02/2025,23/10/2030,PE73565352 SSP PE,208.417.593-32,69451594220,C1,BRASILEIRO(A),MARCELO MOREIRA,EMILLY DA ROCHA
ISAAC MOREIRA,09/03/1998,"12/04/1958, OLIVEIRA, PE",30/12/2023,29/07/2032,PE86753230 SSP PE,307.952.164-16,41093762944,D,BRASILEIRO(A),RAUL VARGAS,CECÍLIA PIRES
NINA MOREIRA,15/10/2000,"02/04/1987, SAMPAIO, RS",11/06/2022,02/03/2031,RS62332721 SSP RS,341.680.925-42,60097148149,CE,BRASILEIRO(A),DR. BENJAMIN BORGES,MELINA BORGES
RAEL NOVAES,27/11/1996,"13/06/1988, BORGES DE FARIAS, MT",19/05/2022,02/05/2032,MT43935652 SSP MT,509.273.418-32,47262163915,B1,BRASILEIRO(A),SR. JOSUÉ CALDEIRA,MARIA LIZ BORGES
MARIANA REZENDE,07/07/2004,"04/04/1975, RIBEIRO DE CIRINO, ES",03/01/2021,13/12/2029,ES99779310 SSP ES,135.264.089-98,44374762266,BE,BRASILEIRO(A),LUIZ MIGUEL REZENDE,SARAH NUNES
SRA. BELLA PIRES,20/10/1999,"23/05/1963, CAMPOS DO NORTE, SP",24/06/2021,14/12/2026,SP68461007 SSP SP,710.352.486-62,73404025162,CE,BRASILEIRO(A),LUIGI FREITAS,OLIVIA BORGES
GAEL SOUSA,06/10/1998,"08/08/1975, FOGAÇA DE LIMA, PI",25/04/2025,12/02/2032,PI91654658 SSP PI,397.428.601-22,49619735282,A,BRASILEIRO(A),FRANCISCO CAMARGO,CAROLINA CASA GRANDE
JOANA DA LUZ,04/09/1996,"15/04/1965, GARCIA DO GALHO, SE",06/06/2025,30/09/2030,SE16712692 SSP SE,415.327.806-80,31404640296,D1E,BRASILEIRO(A),RAVY CAVALCANTE,ÁGATHA PASTOR
MARIA HELENA GARCIA,21/01/2003,"08/07/1990, CAVALCANTI VERDE, AL",30/11/2022,31/08/2032,AL32396974 SSP AL,207.436.589-65,56093365747,C1,BRASILEIRO(A),GAEL CARVALHO,OLÍVIA FARIAS
VITOR HUGO CÂMARA,17/03/1996,"06/09/1988, CÂMARA, RJ",12/09/2023,16/12/2029,RJ29794829 SSP RJ,361.405.729-16,92632500848,C1E,BRASILEIRO(A),NOAH MOURA,SABRINA SIQUEIRA
JOÃO FELIPE SOUSA,19/02/1998,"21/01/1960, ALBUQUERQUE, RN",28/09/2023,17/07/2028,RN85021995 SSP RN,138.079.246-04,18904829029,ACC,BRASILEIRO(A),BENÍCIO AZEVEDO,ANA CLARA SÁ
ELISA SÁ,28/06/1999,"18/01/1991, REZENDE, SP",03/12/2023,13/09/2031,SP11006518 SSP SP,654.239.087-10,57753265583,A,BRASILEIRO(A),JOÃO GUILHERME MORAES,MARIA FLOR GOMES
LEVI MACEDO,07/10/2001,"01/07/1995, SILVEIRA ALEGRE, RO",01/06/2021,22/12/2030,RO13431428 SSP RO,168.403.952-51,47839943286,D,BRASILEIRO(A),GUILHERME DA ROSA,SRTA. MARIA CECÍLIA ALBUQUERQUE
LUIZ GUSTAVO CÂMARA,02/08/1999,"22/03/1991, PIRES, TO",14/05/2023,28/08/2028,TO42746930 SSP TO,705.423.619-06,45896931017,BE,BRASILEIRO(A),ARTHUR MIGUEL MONTENEGRO,CAROLINE DA MOTA
DRA. ISABELLA BRITO,20/05/2003,"28/01/1997, JESUS DE GOIÁS, ES",18/09/2021,24/03/2028,ES12213483 SSP ES,983.675.014-20,77289414136,C1E,BRASILEIRO(A),DAVI LUCAS VASCONCELOS,MAITÊ DUARTE
SOFIA FONSECA,19/04/1999,"05/05/1986, LOPES DE ALMEIDA, PB",28/05/2023,30/06/2029,PB84020049 SSP PB,203.198.754-23,83248484806,A,BRASILEIRO(A),DIEGO CASTRO,JULIANA COSTA
LUNA FREITAS,06/08/2002,"16/11/1970, GARCIA, AC",23/11/2023,10/05/2031,AC54770281 SSP AC,726.354.981-64,53491884235,ACC,BRASILEIRO(A),BENICIO GOMES,MARIA CECÍLIA MONTEIRO
SARAH ARAÚJO,05/02/2002,"26/07/1972, ANDRADE, AP",10/10/2024,09/11/2029,AP24811081 SSP AP,721.495.630-61,65074941512,A,BRASILEIRO(A),DAVI LUIZ PIMENTA,SOFIA SILVA
SR. AUGUSTO FERNANDES,16/04/1998,"08/08/2006, NASCIMENTO DO OESTE, PI",24/04/2023,16/08/2027,PI83336219 SSP PI,940.317.265-70,35981612755,ACC,BRASILEIRO(A),VINICIUS SILVA,JOANA DA LUZ
CALEBE CÂMARA,28/03/2004,"31/12/1994, FERREIRA, PE",25/06/2025,04/11/2033,PE60014748 SSP PE,175.682.904-76,89658717303,BE,BRASILEIRO(A),YURI MONTEIRO,HELLENA NASCIMENTO
BIANCA PEREIRA,09/02/2001,"05/02/1992, DA CRUZ, ES",25/02/2022,22/02/2029,ES64971548 SSP ES,047.185.392-50,10450345565,D1,BRASILEIRO(A),SR. PEDRO PINTO,EMANUELLY CALDEIRA
DANIEL DA CONCEIÇÃO,30/08/2000,"06/05/1994, CIRINO DO OESTE, RS",28/05/2024,23/12/2029,RS49853011 SSP RS,019.643.287-13,87068112963,C1,BRASILEIRO(A),LUIZ FELIPE VIANA,HADASSA SOUZA
DOM CARDOSO,09/11/2002,"27/06/1971, PASTOR, AP",14/10/2022,17/03/2030,AP96548087 SSP AP,850.497.362-00,22643889795,ACC,BRASILEIRO(A),SR. ARTHUR DA CONCEIÇÃO,ALEXIA PIRES
SR. JUAN CAVALCANTI,07/05/2007,"28/01/1973, ALBUQUERQUE, MT",03/12/2023,13/06/2028,MT82138389 SSP MT,480.273.156-62,58102081119,D,BRASILEIRO(A),DR. KAIQUE SALES,LORENA PIRES
FERNANDA ANDRADE,14/01/1998,"07/09/1985, OLIVEIRA, SP",16/01/2024,08/11/2027,SP48246502 SSP SP,598.023.164-15,38509169803,C1E,BRASILEIRO(A),ISAQUE CÂMARA,HELLENA MARTINS
SR. THEODORO MACEDO,17/07/2001,"01/07/2003, BARBOSA, SC",30/06/2021,12/03/2031,SC54907630 SSP SC,594.207.816-58,57809146682,B,BRASILEIRO(A),EDUARDO DUARTE,MARIA CLARA DA COSTA
ELOÁ CAMARGO,27/03/1996,"23/01/1974, TEIXEIRA PAULISTA, ES",21/12/2021,22/01/2025,ES96256564 SSP ES,475.319.806-57,92366105473,C1,BRASILEIRO(A),PEDRO CUNHA,SRA. MAYA COSTA
YAN MONTENEGRO,23/11/2004,"27/01/1964, FERREIRA, MT",13/07/2024,14/12/2029,MT40098065 SSP MT,697.042.581-94,78952359512,C1E,BRASILEIRO(A),LEVI TEIXEIRA,ANA LUIZA VARGAS
AYLA JESUS,28/10/1997,"05/03/1956, GARCIA DE VARGAS, TO",16/01/2022,07/02/2031,TO96012459 SSP TO,209.165.384-51,43692025507,D1E,BRASILEIRO(A),GUILHERME PIMENTA,DRA. CECILIA NOVAIS
DIEGO LOPES,23/10/2003,"28/01/1966, DA ROSA DE MINAS, AC",11/08/2022,30/07/2027,AC57510008 SSP AC,085.962.713-68,93808382639,A,BRASILEIRO(A),SR. RHAVI SILVA,LETÍCIA PORTO
AMANDA DA LUZ,12/09/2001,"29/04/1996, MELO, PA",30/09/2025,20/02/2035,PA32811755 SSP PA,671.283.459-73,50218154714,A1,BRASILEIRO(A),NICOLAS SÁ,ALLANA ROCHA
RODRIGO PEIXOTO,13/08/1997,"11/09/1968, COSTA DE GOIÁS, SP",07/03/2021,11/06/2030,SP80603411 SSP SP,814.903.265-70,46301087695,C1,BRASILEIRO(A),DAVI LUCAS TEIXEIRA,SRA. HELENA NOVAES
MILENA CARDOSO,15/10/2005,"12/05/1982, GONÇALVES DAS PEDRAS, DF",02/03/2022,09/04/2031,DF35552849 SSP DF,327.508.941-23,47741583144,A,BRASILEIRO(A),JOÃO LUCAS REZENDE,ISABELLY PEREIRA
GUILHERME COSTELA,07/12/2006,"30/01/2002, DAS NEVES, SE",16/08/2021,14/12/2028,SE67910015 SSP SE,591.604.283-33,82578089158,C,BRASILEIRO(A),GAEL CORREIA,ANA LAURA DA CONCEIÇÃO
DR. VITOR SÁ,24/08/2005,"14/09/1963, VARGAS DA MATA, PR",17/04/2022,16/01/2030,PR68040731 SSP PR,936.271.840-50,94265451794,BE,BRASILEIRO(A),SR. ARTHUR GABRIEL DIAS,SOPHIA MOURA
RAQUEL REZENDE,16/11/1995,"21/10/1976, ARAÚJO, RO",13/09/2021,17/01/2026,RO26786737 SSP RO,429.138.065-89,67692764150,A1,BRASILEIRO(A),THEODORO VASCONCELOS,ANA SILVA
AYLLA MOREIRA,16/01/1997,"27/09/1964, ABREU, SE",07/05/2022,11/03/2026,SE58975402 SSP SE,675.980.412-02,73028995317,C1E,BRASILEIRO(A),LEVI MONTENEGRO,ALANA FONSECA
LUNNA PORTO,05/03/1996,"22/02/1987, MARQUES DA MATA, RJ",06/06/2025,09/04/2032,RJ58788828 SSP RJ,425.361.987-82,47093993028,D,BRASILEIRO(A),THÉO OLIVEIRA,JOANA MACEDO
DIEGO GUERRA,08/09/1996,"19/01/1956, MARQUES DE MINAS, DF",11/10/2022,09/03/2029,DF26578655 SSP DF,941.576.823-19,70320307830,C1E,BRASILEIRO(A),LEVI PACHECO,DRA. CAROLINE PASTOR
FRANCISCO ALVES,08/09/2004,"02/02/1986, PIMENTA, PE",04/11/2023,18/09/2029,PE90426262 SSP PE,830.519.764-66,38622913016,C1E,BRASILEIRO(A),CAIO ARAGÃO,ELOAH MARTINS
BÁRBARA MACHADO,02/12/2002,"08/03/1959, AZEVEDO DO AMPARO, RR",10/04/2024,19/09/2033,RR45728952 SSP RR,152.907.463-07,33363877910,DE,BRASILEIRO(A),PEDRO LUCAS ALBUQUERQUE,EDUARDA RODRIGUES
MARIANA FARIAS,23/07/1999,"16/08/1992, LEÃO, CE",03/04/2024,11/07/2027,CE66131787 SSP CE,258.741.369-91,82627047740,D1,BRASILEIRO(A),SR. YAGO CASSIANO,MARIANA DA LUZ
MARIA JULIA MELO,18/08/2000,"14/02/1984, SÁ DE ANDRADE, CE",07/08/2022,19/10/2026,CE58303913 SSP CE,729.856.103-03,16113912833,D,BRASILEIRO(A),KAIQUE CÂMARA,ANA LAURA PIRES
MAYA SILVA,17/07/1999,"30/07/1963, RIBEIRO DA PRAIA, PB",18/06/2023,19/09/2031,PB20671385 SSP PB,216.340.975-99,77858778801,C1,BRASILEIRO(A),DR. RAVI LUCCA PEREIRA,JULIA FREITAS
CAIO DA CUNHA,29/10/1998,"23/07/1987, FOGAÇA, MS",14/06/2021,12/11/2027,MS60439832 SSP MS,427.653.108-07,34717030663,BE,BRASILEIRO(A),DR. CALEBE MORAES,MARIA LUÍSA DA MOTA
MARIA JULIA CIRINO,30/05/1999,"24/05/1991, CARVALHO, RS",10/08/2024,03/03/2034,RS34070237 SSP RS,251.039.647-16,70569810101,C,BRASILEIRO(A),JOSUÉ DA CONCEIÇÃO,NICOLE VASCONCELOS
LORENA MARTINS,26/02/2006,"16/09/1978, LIMA DA MATA, RO",04/08/2025,29/11/2031,RO70682518 SSP RO,548.632.791-91,24475451483,A1,BRASILEIRO(A),BENJAMIM LIMA,ANA LUIZA CASA GRANDE
MARIA LIZ SIQUEIRA,25/11/2001,"01/08/1961, DA PAZ, RS",13/09/2022,27/01/2027,RS72498608 SSP RS,018.643.795-10,99943797166,A1,BRASILEIRO(A),HENRY GABRIEL VIEIRA,ANA BEATRIZ RIOS
LORENZO FARIAS,30/06/1997,"06/11/1984, FREITAS PAULISTA, RO",01/12/2020,05/01/2024,RO65548961 SSP RO,437.129.860-50,37724262149,B,BRASILEIRO(A),BENJAMIM MENDES,ÍSIS DA LUZ
SR. DAVI LUCAS SOUZA,18/11/2003,"13/07/1993, MENDES, CE",16/08/2025,14/10/2033,CE10772559 SSP CE,507.234.168-26,85426836144,ACC,BRASILEIRO(A),VITOR GABRIEL CORREIA,OLIVIA CASTRO
RENAN VASCONCELOS,11/01/1998,"10/06/1978, ANDRADE, AM",07/09/2023,02/07/2028,AM85596687 SSP AM,874.253.960-92,95978266631,C1,BRASILEIRO(A),LUAN CASSIANO,MARIA FLOR MENDONÇA
MATHIAS NASCIMENTO,19/06/2002,"04/11/1997, DA LUZ DO SUL, RS",02/01/2024,10/01/2027,RS25448284 SSP RS,135.704.928-50,56258855467,D,BRASILEIRO(A),ASAFE LIMA,ANA CLARA SIQUEIRA
OTÁVIO LIMA,24/02/2006,"25/08/1964, DIAS DA PRAIA, MT",02/12/2023,26/01/2029,MT53569031 SSP MT,568.079.413-66,91192495360,B1,BRASILEIRO(A),LUIZ MIGUEL APARECIDA,DRA. JULIA FERREIRA
DRA. CATARINA MENDES,17/08/2005,"24/06/1965, CASSIANO, PR",05/09/2021,28/03/2027,PR36051989 SSP PR,516.807.324-71,70726017125,A1,BRASILEIRO(A),MATTEO DA CUNHA,LUIZA DA COSTA
ANTÔNIO DUARTE,21/03/2000,"10/09/1987, BORGES, BA",27/07/2023,24/01/2030,BA80620729 SSP BA,102.364.958-60,26276068619,D,BRASILEIRO(A),DANILO ALMEIDA,BÁRBARA BORGES
SR. GAEL HENRIQUE MARQUES,08/02/2004,"25/04/2005, PEREIRA, MG",13/01/2023,05/03/2026,MG87907219 SSP MG,123.894.567-82,43144817571,D,BRASILEIRO(A),YAN SAMPAIO,PIETRA PEIXOTO
AGATHA DA ROCHA,03/05/2000,"27/04/1978, CASA GRANDE, PA",15/01/2023,23/02/2030,PA37310558 SSP PA,693.854.210-42,17535060324,DE,BRASILEIRO(A),BENICIO PIRES,MARIA CLARA SOUZA
SRTA. MIRELLA LOPES,11/11/2004,"30/06/1968, ALMEIDA, AM",23/08/2021,19/03/2030,AM51448025 SSP AM,297.184.350-50,32635840639,D1,BRASILEIRO(A),DR. BRYAN LEÃO,ÍSIS CASA GRANDE
DANILO BARROS,12/03/1997,"20/07/1985, MARQUES, MS",26/07/2022,03/10/2029,MS35776271 SSP MS,613.527.489-91,84643266562,D1E,BRASILEIRO(A),RAVY DAS NEVES,ANA SOPHIA CORREIA
JOÃO GABRIEL CARVALHO,11/06/2004,"23/08/1956, CORREIA DAS FLORES, SE",29/03/2024,17/02/2034,SE13804229 SSP SE,908.423.517-79,14956624618,C1E,BRASILEIRO(A),THEODORO MACEDO,PIETRA FONSECA
MARIANA MACHADO,07/09/2005,"11/12/1980, SIQUEIRA DO CAMPO, RN",11/04/2025,20/11/2028,RN84809538 SSP RN,624.987.031-87,82979829314,A1,BRASILEIRO(A),JOÃO PEDRO ALBUQUERQUE,MILENA DA LUZ
SR. JOÃO VITOR MONTEIRO,14/10/2001,"17/09/1957, LOPES, RR",24/06/2021,28/04/2025,RR50694598 SSP RR,082.547.613-53,29209009095,B1,BRASILEIRO(A),GUSTAVO BRITO,CATARINA SOUZA
MARIA EDUARDA APARECIDA,23/02/2005,"21/08/2003, REZENDE, AP",07/11/2021,23/01/2026,AP51314679 SSP AP,894.176.203-04,71537956591,A,BRASILEIRO(A),DR. IAN VASCONCELOS,NINA DAS NEVES
MARIA CLARA SÁ,25/04/2004,"06/08/1985, MORAES, MG",01/07/2021,20/03/2025,MG63784400 SSP MG,328.791.456-19,30346199292,DE,BRASILEIRO(A),DIOGO DA LUZ,DRA. ELOAH PACHECO
BENJAMIN GARCIA,26/05/2005,"29/03/1997, PIRES GRANDE, SE",11/01/2021,06/08/2025,SE44904783 SSP SE,427.390.186-22,91111105669,D1E,BRASILEIRO(A),YAN NOGUEIRA,LUIZA JESUS
VITOR MONTEIRO,15/05/1996,"10/12/1960, DA COSTA, MG",02/08/2025,14/01/2032,MG18168861 SSP MG,145.608.793-20,10559027407,D,BRASILEIRO(A),ANTONY MARQUES,LARA MACHADO
ANA JULIA GARCIA,13/07/1999,"30/06/1961, MACHADO DE MINAS, MA",25/08/2021,13/05/2027,MA68790618 SSP MA,027.346.581-35,72588532110,C1,BRASILEIRO(A),ARTHUR GABRIEL SAMPAIO,DRA. MARCELA DA MATA
BEATRIZ DA CONCEIÇÃO,19/10/2006,"19/06/1991, CUNHA PAULISTA, RR",23/06/2025,27/06/2033,RR76864578 SSP RR,976.812.035-59,74330603848,D,BRASILEIRO(A),ARTHUR MIGUEL CALDEIRA,AYLLA COSTELA
JOÃO GUILHERME PIRES,14/07/1997,"24/01/1995, NOGUEIRA, RN",17/02/2021,05/03/2028,RN51578020 SSP RN,032.598.147-79,66719548864,D1E,BRASILEIRO(A),VITOR GABRIEL MORAES,ANA CAROLINA CARVALHO
EMILLY ALMEIDA,23/07/2000,"11/01/1963, MOURA, PA",26/09/2022,01/12/2026,PA83005222 SSP PA,174.963.805-39,75494913548,A,BRASILEIRO(A),ANTHONY MACEDO,MARIA FLOR CASTRO
EMANUELLA FERNANDES,14/02/2007,"06/12/2006, PEREIRA, AM",24/06/2022,29/10/2025,AM97252790 SSP AM,981.527.460-02,71208863716,B,BRASILEIRO(A),YURI PIRES,SRA. OLIVIA ROCHA
BENÍCIO GARCIA,24/12/1997,"12/02/1972, NOVAES, SE",02/02/2025,01/03/2031,SE47788509 SSP SE,274.851.039-97,46463698701,C1E,BRASILEIRO(A),VITOR GABRIEL PINTO,MARIA VITÓRIA REZENDE
JOÃO FELIPE DA CUNHA,20/11/2004,"02/11/1978, RAMOS, AM",12/07/2023,26/01/2027,AM32446477 SSP AM,743.865.012-07,48454031677,BE,BRASILEIRO(A),FRANCISCO BRITO,MILENA CAVALCANTI
SR. NICOLAS DA ROSA,15/03/2006,"20/05/2007, DA ROSA DOS DOURADOS, AM",06/09/2024,06/05/2033,AM45154226 SSP AM,971.852.346-46,67555399938,C,BRASILEIRO(A),SR. MARCELO DA CONCEIÇÃO,LARA CASA GRANDE
CLARA BARBOSA,02/03/2004,"11/03/1991, BARROS DE MINAS, AM",01/01/2025,23/07/2032,AM87702055 SSP AM,764.821.359-19,76333241371,A,BRASILEIRO(A),BENJAMIM APARECIDA,OLIVIA BARBOSA
DRA. LARISSA COSTA,18/10/2001,"12/02/1958, DA MATA, SE",02/10/2022,22/02/2030,SE97240358 SSP SE,761.849.532-73,28081719165,B1,BRASILEIRO(A),HENRY GABRIEL CUNHA,MARIANA SÁ
KAIQUE ABREU,03/11/1998,"21/11/1973, SOUSA DOS DOURADOS, PB",21/09/2021,03/08/2027,PB47123158 SSP PB,571.908.634-00,73837468469,C,BRASILEIRO(A),LUIZ OTÁVIO ALVES,SRTA. EVELYN RODRIGUES
LUIZA DIAS,23/02/2006,"11/04/1999, BRITO DE AZEVEDO, RO",02/12/2021,06/01/2026,RO93401617 SSP RO,728.495.360-83,12384905642,D1E,BRASILEIRO(A),YURI COSTA,SRTA. RAQUEL DA CONCEIÇÃO
ÁGATHA OLIVEIRA,15/08/2006,"03/04/1959, SANTOS, MS",05/06/2022,01/09/2028,MS64762537 SSP MS,935.810.467-84,62049501917,BE,BRASILEIRO(A),RENAN REZENDE,LARA PASTOR
LUANA DA MOTA,28/02/2004,"12/06/1961, MELO, GO",11/03/2025,18/07/2029,GO49386339 SSP GO,023.158.946-89,14641998962,D1,BRASILEIRO(A),RAUL FERNANDES,MARIA LUIZA GOMES
STELLA AZEVEDO,28/09/2007,"22/05/2004, FREITAS DAS PEDRAS, AC",25/09/2021,13/05/2025,AC72854291 SSP AC,721.548.369-09,85903180544,A,BRASILEIRO(A),OLIVER DA COSTA,SRA. LUANA CALDEIRA
MAITÊ VASCONCELOS,04/09/1999,"01/04/1962, ARAGÃO, AM",01/03/2022,06/07/2030,AM62270126 SSP AM,164.520.937-70,68663856987,D1,BRASILEIRO(A),RENAN ABREU,SRA. JULIANA MONTENEGRO
LUAN CASA GRANDE,28/10/1998,"10/10/1985, ARAÚJO, ES",10/08/2025,12/11/2032,ES68705615 SSP ES,018.793.564-57,41469147129,C1E,BRASILEIRO(A),ENZO GABRIEL RIBEIRO,BELLA RODRIGUES
AUGUSTO MONTEIRO,12/02/2001,"03/06/1990, RAMOS DO OESTE, SP",17/01/2022,18/07/2025,SP98045953 SSP SP,918.743.265-09,87764425473,C1,BRASILEIRO(A),ISAAC NUNES,MARIA LUIZA CORREIA
JUAN LEÃO,26/07/2007,"12/12/1966, PACHECO DA MATA, RO",01/04/2021,19/10/2024,RO28319054 SSP RO,085.963.417-57,60375869036,C1,BRASILEIRO(A),JOSÉ COSTA,CAROLINA PACHECO
THOMAS VASCONCELOS,19/02/1997,"30/07/1958, PORTO DE LIMA, BA",13/12/2022,02/02/2030,BA37281616 SSP BA,036.287.419-04,43151018031,C,BRASILEIRO(A),KAIQUE LOPES,JÚLIA NOVAIS
CAUÊ CALDEIRA,13/03/1996,"16/08/1983, TEIXEIRA DA SERRA, TO",02/05/2022,29/12/2028,TO91199966 SSP TO,154.732.960-25,50335975331,D,BRASILEIRO(A),JOSÉ PEDRO CORREIA,MARINA MACHADO
SRTA. MAYA CIRINO,21/06/2004,"03/10/2005, CIRINO, GO",19/08/2023,08/06/2028,GO39705333 SSP GO,160.492.735-61,75065363688,C,BRASILEIRO(A),LEVI FOGAÇA,CATARINA FARIAS
MATEUS NASCIMENTO,08/12/2000,"15/06/1998, SALES DA MATA, RR",04/07/2023,28/11/2030,RR83315790 SSP RR,594.071.268-11,41962233881,A1,BRASILEIRO(A),PEDRO LUCAS SOUZA,DRA. BRUNA VARGAS
DRA. ISABELLY PINTO,27/11/2005,"25/02/1967, ANDRADE, PI",25/01/2024,20/12/2032,PI21607538 SSP PI,317.892.045-50,65807470127,C1E,BRASILEIRO(A),RAVI PIRES,ELISA SANTOS
LORENA NASCIMENTO,05/09/2001,"19/03/1995, CAMARGO DAS FLORES, MG",21/04/2025,29/06/2028,MG58621939 SSP MG,023.857.196-30,29819646137,D1,BRASILEIRO(A),JOÃO VITOR VARGAS,LORENA MOURA
ANA CLARA CAMPOS,06/12/1995,"22/02/1995, SÁ, PI",11/08/2023,22/05/2029,PI36344743 SSP PI,416.275.398-91,37086497904,A1,BRASILEIRO(A),ENRICO MACHADO,ESTHER PIRES
DR. LUIGI CARVALHO,16/07/1999,"13/09/1984, LIMA, MT",17/03/2023,18/11/2027,MT71992693 SSP MT,853.704.692-29,40012273640,C1E,BRASILEIRO(A),THOMAS CAVALCANTI,ANTONELLA NASCIMENTO
ANA VITÓRIA MARQUES,15/10/2005,"16/06/1994, DA MATA DE DA COSTA, RR",29/06/2021,21/02/2029,RR60570294 SSP RR,029.384.671-50,27199653902,B1,BRASILEIRO(A),HENRY GABRIEL VASCONCELOS,NINA CAMARGO
HELENA CASSIANO,12/01/2006,"02/09/1979, MONTENEGRO DA PRATA, SC",18/05/2023,04/10/2027,SC13892586 SSP SC,805.341.967-48,33314651595,A1,BRASILEIRO(A),PEDRO JESUS,MARIA CLARA VIEIRA
ESTER RIOS,17/05/1998,"04/07/1988, CASA GRANDE, RS",08/05/2021,11/04/2029,RS10785194 SSP RS,523.687.901-95,37407489143,BE,BRASILEIRO(A),DR. LUIZ HENRIQUE SALES,EVELYN FERREIRA
LUANA MONTEIRO,27/03/2006,"10/01/2000, CÂMARA, PR",21/12/2021,28/08/2028,PR87695120 SSP PR,910.824.356-51,93913526382,D1,BRASILEIRO(A),DIEGO CARVALHO,ANA SOPHIA CAVALCANTE
ENRICO OLIVEIRA,16/04/2005,"30/09/1995, CALDEIRA DO GALHO, PE",15/06/2023,17/11/2030,PE52031331 SSP PE,142.578.096-20,85805927685,B,BRASILEIRO(A),VICENTE PACHECO,MARIA LAURA DA MATA
JULIANA DA CONCEIÇÃO,24/02/2004,"25/02/1966, DUARTE, AC",09/03/2024,15/03/2030,AC57327483 SSP AC,837.569.014-75,20642317985,B,BRASILEIRO(A),SR. DAVI SANTOS,DRA. MANUELA JESUS
MARIA LUIZA MARTINS,22/11/2003,"04/05/2000, COSTA, PA",26/04/2021,23/12/2028,PA65543838 SSP PA,712.946.583-28,56987464490,D1E,BRASILEIRO(A),PEDRO HENRIQUE MELO,SRA. STEPHANY OLIVEIRA
LUIZ FERNANDO SAMPAIO,12/10/2005,"02/03/1989, NUNES VERDE, AP",29/01/2023,04/02/2029,AP75534625 SSP AP,163.472.085-71,15065326375,D,BRASILEIRO(A),SR. ARTHUR CAVALCANTI,MARIA LUÍSA CIRINO
DR. IAN FREITAS,24/08/2001,"16/05/2001, NUNES DE GOIÁS, CE",13/09/2023,05/08/2027,CE85571659 SSP CE,873.241.096-40,95725976965,B,BRASILEIRO(A),BRUNO CÂMARA,SABRINA CUNHA
VICENTE PORTO,10/04/2002,"23/03/1974, ROCHA, PR",14/07/2024,11/02/2030,PR27234192 SSP PR,217.864.509-76,11383634744,C1E,BRASILEIRO(A),ANDRÉ CUNHA,ELOAH SILVEIRA
JOSUÉ AZEVEDO,11/07/2002,"09/02/1981, ROCHA, AM",17/06/2022,14/04/2031,AM83155857 SSP AM,654.389.027-47,81044861501,C1,BRASILEIRO(A),RAVI FERNANDES,ANA SOPHIA NOVAIS
ENZO ANDRADE,19/10/2007,"12/08/1974, GARCIA DE MARQUES, PI",09/02/2024,26/04/2029,PI70466537 SSP PI,567.810.249-49,89489915343,C1,BRASILEIRO(A),VICENTE LEÃO,BÁRBARA DA LUZ
EMANUEL ARAÚJO,17/07/1998,"03/09/2000, APARECIDA, BA",09/08/2021,03/12/2029,BA21768764 SSP BA,653.904.278-74,83088030596,D1,BRASILEIRO(A),DAVI MIGUEL VIANA,AYLA RIOS
SR. RYAN JESUS,01/01/2003,"11/11/1964, MELO DA PRAIA, SC",29/09/2022,28/06/2032,SC24240653 SSP SC,786.345.029-29,42624624946,CE,BRASILEIRO(A),SR. LUIZ OTÁVIO CAVALCANTI,ELOAH DUARTE
ENZO GABRIEL ROCHA,24/01/1998,"08/03/2002, COSTA, AC",31/10/2024,30/05/2033,AC78050360 SSP AC,704.985.321-60,73436803422,BE,BRASILEIRO(A),JOÃO GUILHERME PIMENTA,SRA. AYLA SANTOS
HENRIQUE MOURA,17/03/1999,"25/09/1978, LEÃO DO OESTE, PI",19/03/2024,24/01/2029,PI52897371 SSP PI,623.504.987-00,31169778285,D1E,BRASILEIRO(A),LEVI SAMPAIO,ANA CIRINO
JOAQUIM MARQUES,25/02/2007,"14/03/2000, DA CRUZ, AM",15/04/2024,28/09/2032,AM22938456 SSP AM,286.349.157-19,96889034187,C,BRASILEIRO(A),ERICK DA PAZ,HELLENA DA COSTA
SR. RYAN MORAES,17/10/2002,"24/06/1986, VIANA DE MINAS, ES",02/05/2022,27/02/2029,ES24648820 SSP ES,639.271.804-40,26772872643,C,BRASILEIRO(A),RENAN ANDRADE,RAFAELA DA COSTA
SARAH MARQUES,23/07/1997,"14/07/1990, DA COSTA, PR",13/08/2023,24/08/2030,PR47821870 SSP PR,064.731.285-90,94913589943,D,BRASILEIRO(A),RAEL PEIXOTO,ALEXIA LIMA
FELIPE PIRES,21/05/2000,"02/07/1956, MONTENEGRO, AP",06/10/2025,01/03/2035,AP87261470 SSP AP,613.480.952-70,14524391546,A,BRASILEIRO(A),DAVI MIGUEL MONTENEGRO,LÍVIA PIRES
JOSÉ MIGUEL SILVEIRA,06/06/2005,"29/01/1989, DA ROSA DA MATA, SC",16/10/2024,13/09/2029,SC61742656 SSP SC,943.712.568-64,87045913569,D,BRASILEIRO(A),DR. VALENTIM NOGUEIRA,ANTONELLA SIQUEIRA
VITÓRIA DA PAZ,18/09/1999,"29/01/1957, DA ROCHA, RO",21/01/2022,13/06/2026,RO22847145 SSP RO,547.269.083-83,67919898944,D1,BRASILEIRO(A),CAIO FARIAS,SRA. MARIA EDUARDA BORGES
ANA LÍVIA LEÃO,22/02/2005,"29/05/1979, NUNES, SP",08/07/2024,13/12/2033,SP46601041 SSP SP,472.813.965-46,26917179042,D,BRASILEIRO(A),PEDRO HENRIQUE MONTEIRO,MARCELA MACHADO
MURILO SÁ,04/04/1999,"27/10/2004, DA ROSA DO OESTE, MA",20/08/2023,31/05/2033,MA60908733 SSP MA,742.051.693-61,91421429975,DE,BRASILEIRO(A),LUIGI CALDEIRA,SRTA. SARAH RIBEIRO
DAVI LUCAS PINTO,17/05/1999,"03/04/1981, DA ROSA DE MINAS, RJ",23/12/2021,25/02/2026,RJ81864203 SSP RJ,658.491.372-46,78123206037,B,BRASILEIRO(A),APOLLO SOUSA,LARISSA PASTOR
LUAN ALBUQUERQUE,31/10/2001,"27/08/1992, MARTINS, RS",18/07/2021,16/04/2026,RS69417794 SSP RS,675.824.091-67,69865126492,D,BRASILEIRO(A),LEONARDO DA PAZ,MARIA JULIA FREITAS
ISABEL NOGUEIRA,22/11/2005,"29/07/1993, ABREU, BA",20/06/2021,05/09/2029,BA24998689 SSP BA,153.960.827-12,21742726131,C1E,BRASILEIRO(A),ANDRÉ MENDONÇA,MAYSA CASA GRANDE
DANIEL SILVA,19/12/2003,"30/09/1960, MORAES, MT",03/09/2025,15/02/2031,MT96130507 SSP MT,387.246.905-38,53389920874,A1,BRASILEIRO(A),SR. LUIZ HENRIQUE VASCONCELOS,SRTA. JOANA RIOS
YURI LIMA,28/02/1997,"10/05/2005, PEREIRA, TO",21/01/2024,21/09/2031,TO55689241 SSP TO,815.360.479-10,37277883334,B1,BRASILEIRO(A),HEITOR GOMES,SARA MOREIRA
SOPHIA PORTO,18/01/2003,"22/01/1957, NOVAES DE SILVEIRA, SE",13/07/2021,01/09/2029,SE82201615 SSP SE,189.756.403-10,63202377635,B,BRASILEIRO(A),ASAFE CAVALCANTE,CLARICE JESUS
MARCOS VINICIUS CASTRO,08/05/1999,"07/04/1980, DA ROSA, SP",05/12/2023,24/11/2028,SP22917203 SSP SP,106.985.734-39,62139229717,B,BRASILEIRO(A),SR. JOSÉ SALES,HADASSA ALMEIDA
DIOGO LEÃO,26/09/2007,"13/05/1959, NASCIMENTO, MG",22/03/2023,12/06/2027,MG54073949 SSP MG,386.915.742-91,82520423403,DE,BRASILEIRO(A),ANTHONY GABRIEL VASCONCELOS,MARIA FERNANDA ARAÚJO
ISADORA SILVEIRA,08/06/2007,"01/06/1998, DA MOTA DO GALHO, MT",22/01/2024,19/03/2027,MT47644655 SSP MT,632.509.487-56,58180481833,CE,BRASILEIRO(A),SAMUEL DA CONCEIÇÃO,SOFIA CAMPOS
SRA. MARIA EDUARDA LEÃO,23/05/1996,"03/05/1975, CAMARGO, RJ",20/09/2024,15/01/2029,RJ34600626 SSP RJ,053.126.879-95,80866544478,BE,BRASILEIRO(A),RAEL VARGAS,DRA. MARIA FERNANDA CUNHA
NICOLAS CIRINO,03/08/1998,"26/12/1975, VASCONCELOS, TO",14/01/2021,14/10/2027,TO41317145 SSP TO,018.756.394-20,37842207864,A1,BRASILEIRO(A),SR. CALEBE DA ROCHA,ANA LIZ VASCONCELOS
HEITOR DA PAZ,27/06/2001,"10/05/1969, GONÇALVES, GO",25/10/2024,30/11/2029,GO31965494 SSP GO,891.475.362-09,70338014091,DE,BRASILEIRO(A),JOSÉ SAMPAIO,AMANDA FONSECA
ANA LIZ LIMA,18/02/1996,"29/07/1964, FREITAS, PI",03/02/2021,08/12/2026,PI74345505 SSP PI,439.108.657-39,60470379732,A,BRASILEIRO(A),BRUNO CASSIANO,ANA CLARA BORGES
THALES DUARTE,20/08/2000,"06/01/1996, PEREIRA DAS PEDRAS, MA",19/05/2022,01/04/2028,MA82072336 SSP MA,340.675.981-57,35037944753,B1,BRASILEIRO(A),LUIZ FELIPE FREITAS,DRA. ANA VITÓRIA CALDEIRA
BERNARDO DAS NEVES,16/12/1996,"22/10/1985, DA CUNHA DO CAMPO, GO",03/05/2023,11/03/2029,GO34195346 SSP GO,863.720.195-40,17148414689,C1E,BRASILEIRO(A),FRANCISCO FERREIRA,SRTA. MANUELA CORREIA
ANA VIANA,18/12/2001,"11/07/1995, MENDONÇA, PB",25/04/2023,26/10/2029,PB62171861 SSP PB,316.208.597-77,94460372576,C1,BRASILEIRO(A),OTÁVIO TEIXEIRA,SOPHIA GONÇALVES
DRA. MARIA LAURA MORAES,27/12/1999,"10/08/2006, REZENDE DO OESTE, GO",18/10/2023,21/11/2029,GO14373831 SSP GO,397.481.520-14,58546430562,B,BRASILEIRO(A),RAVI LUCCA SIQUEIRA,LORENA DAS NEVES
LUAN LOPES,10/10/2007,"27/09/1971, LOPES ALEGRE, PI",08/12/2021,23/08/2029,PI78759418 SSP PI,214.086.935-42,98069878718,B1,BRASILEIRO(A),LUIZ GUSTAVO MENDONÇA,BÁRBARA PEREIRA
SARAH MELO,02/07/2004,"05/06/1990, CAMARGO DE CARVALHO, BA",13/11/2020,25/10/2026,BA20536514 SSP BA,641.205.789-76,29801338368,CE,BRASILEIRO(A),NATHAN NASCIMENTO,BEATRIZ PEIXOTO
OLÍVIA JESUS,16/02/2005,"23/07/1969, PASTOR, MS",02/08/2023,30/03/2032,MS81879732 SSP MS,076.814.293-87,61184759198,D1E,BRASILEIRO(A),DANILO NOVAES,ISABELLY PASTOR
BÁRBARA DA MATA,09/12/2003,"19/02/2005, ALVES ALEGRE, PA",22/07/2024,03/11/2032,PA36786309 SSP PA,219.645.830-98,47959776474,B1,BRASILEIRO(A),ASAFE CORREIA,STEPHANY CASA GRANDE
BERNARDO DIAS,19/05/1996,"18/02/2005, RODRIGUES, AP",25/08/2022,09/02/2029,AP58239623 SSP AP,148.506.239-05,13111807701,C,BRASILEIRO(A),MATTEO LEÃO,YASMIN SAMPAIO
JOSÉ ARAGÃO,21/07/1999,"03/01/1969, FREITAS, RN",09/08/2022,05/12/2028,RN13224053 SSP RN,681.435.072-62,84466315578,B1,BRASILEIRO(A),VINICIUS PIMENTA,MARIA ISIS MACEDO
MARIA JULIA MORAES,12/12/1998,"23/01/1965, PIMENTA DOS DOURADOS, BA",26/01/2022,31/07/2025,BA73617935 SSP BA,416.237.985-82,28108306031,C1E,BRASILEIRO(A),SAMUEL OLIVEIRA,MAYA SANTOS
BRUNO PACHECO,01/09/2007,"19/09/1974, OLIVEIRA, SP",14/10/2024,06/01/2030,SP46206583 SSP SP,348.651.279-09,13268780939,C,BRASILEIRO(A),PEDRO MIGUEL APARECIDA,CECÍLIA MONTENEGRO
MELINA CARVALHO,27/07/2005,"06/09/1982, PASTOR, RO",07/07/2025,10/12/2032,RO35424491 SSP RO,103.754.968-66,74330758568,B1,BRASILEIRO(A),JUAN VIANA,ALÍCIA ARAGÃO
SRA. MARIANA PORTO,07/08/2004,"31/07/1976, GOMES DO GALHO, PB",28/04/2022,10/02/2026,PB45682452 SSP PB,849.017.365-66,23740052502,DE,BRASILEIRO(A),JOÃO GUILHERME NOGUEIRA,ANA CLARA NUNES
LUCAS CUNHA,13/08/2002,"07/05/1983, PEREIRA, DF",08/09/2025,08/07/2034,DF72193160 SSP DF,670.283.415-26,93924780145,B,BRASILEIRO(A),VALENTIM DAS NEVES,MARIA CLARA SILVA
ANTONY DA COSTA,29/09/1998,"01/10/1958, FERNANDES DE DA COSTA, RJ",13/11/2022,07/03/2030,RJ14357508 SSP RJ,341.086.579-93,40991272813,B1,BRASILEIRO(A),CAUÊ PIMENTA,JULIA CASSIANO
CAIO RIBEIRO,13/11/2000,"16/05/1988, DA CUNHA DE CASSIANO, MA",18/11/2023,22/12/2029,MA10859862 SSP MA,309.861.245-24,18042191139,D1E,BRASILEIRO(A),ENZO GABRIEL DA LUZ,BRENDA SILVA
ANTHONY ALMEIDA,17/09/2007,"12/06/1979, FERNANDES, AC",07/11/2023,24/05/2030,AC99446991 SSP AC,914.786.052-94,57693062393,A1,BRASILEIRO(A),BRAYAN PACHECO,CLARICE SALES
LORENZO MELO,05/03/2002,"17/04/2003, SIQUEIRA DE CAMPOS, RJ",21/07/2021,18/09/2024,RJ13681199 SSP RJ,769.042.153-99,88483772048,A,BRASILEIRO(A),PEDRO MIGUEL SOUSA,MARIA ALICE GUERRA
ARTHUR LEÃO,30/09/2005,"11/06/1966, SALES DE CAMPOS, CE",25/08/2022,19/10/2028,CE81103904 SSP CE,831.046.275-17,63880848470,B1,BRASILEIRO(A),LUIZ GUSTAVO PACHECO,MARIA CECÍLIA DA LUZ
OLIVIA CAMARGO,04/01/1996,"01/05/1967, MONTEIRO, PE",26/06/2021,20/12/2024,PE67090473 SSP PE,450.783.261-62,50859917881,D1,BRASILEIRO(A),DR. BENICIO LIMA,LAÍS PASTOR
SR. VITOR HUGO DA CUNHA,23/03/1996,"11/12/1959, NUNES DE ROCHA, PI",07/04/2024,20/03/2034,PI41520741 SSP PI,702.451.936-34,89588840996,CE,BRASILEIRO(A),DANTE MONTEIRO,DRA. KAMILLY CUNHA
JOÃO MIGUEL ABREU,04/06/2007,"31/07/1966, SILVEIRA, TO",11/01/2022,09/07/2030,TO57414113 SSP TO,187.035.694-20,33919614145,DE,BRASILEIRO(A),JOÃO FREITAS,SRA. LUNA CASTRO
LAVÍNIA DA CRUZ,19/04/1998,"17/09/2006, BARBOSA, CE",23/03/2024,11/12/2030,CE10125035 SSP CE,710.385.694-00,47196071968,D,BRASILEIRO(A),SR. JOÃO GARCIA,ISABEL LOPES
STEPHANY CORREIA,04/02/2006,"24/12/1981, FONSECA, AP",25/10/2022,28/06/2027,AP21908269 SSP AP,561.403.729-25,90349808804,CE,BRASILEIRO(A),MATEUS PIRES,LIZ CALDEIRA
ISADORA PIMENTA,09/03/2005,"29/05/1997, GONÇALVES, MG",25/01/2025,27/02/2031,MG45084228 SSP MG,057.943.862-74,36846855336,B,BRASILEIRO(A),SAMUEL NOGUEIRA,ELOÁ DA ROSA
LARA PIMENTA,09/08/1998,"21/06/1958, COSTA, RJ",14/08/2021,27/11/2029,RJ48816563 SSP RJ,287.491.603-03,34235761249,B,BRASILEIRO(A),SR. PAULO ANDRADE,LIZ SOUZA
CAUÃ TEIXEIRA,20/06/2004,"30/05/2005, DUARTE DE NUNES, SC",19/04/2024,18/12/2027,SC16491191 SSP SC,502.718.436-08,13504395004,D,BRASILEIRO(A),JOÃO VITOR DAS NEVES,BRENDA RODRIGUES
LUIZ FERNANDO VASCONCELOS,31/03/2002,"29/05/1996, BARROS DE FONSECA, DF",01/02/2024,26/12/2030,DF41709470 SSP DF,539.487.062-47,47159233422,C,BRASILEIRO(A),DIEGO COSTA,SRTA. MELISSA NUNES
MAYSA DA MOTA,21/07/1997,"12/03/1967, CIRINO, MS",30/05/2024,10/06/2031,MS47871270 SSP MS,218.903.745-04,38070802780,CE,BRASILEIRO(A),NOAH FERNANDES,ANA CECÍLIA MARQUES
RODRIGO DA CRUZ,18/02/2003,"19/04/1970, FERNANDES DO GALHO, SE",24/07/2025,01/11/2030,SE26428501 SSP SE,981.523.760-86,37228357071,C1,BRASILEIRO(A),CARLOS EDUARDO ARAGÃO,SRTA. MELINA SILVA
HEITOR ALBUQUERQUE,08/09/2004,"24/10/1957, RIBEIRO, AP",11/07/2021,23/04/2029,AP50951984 SSP AP,531.894.027-79,11525275554,C,BRASILEIRO(A),VINICIUS MARTINS,AURORA ARAGÃO
CLARICE VIANA,23/04/2002,"10/08/1968, ROCHA, MG",29/07/2022,03/07/2026,MG33745260 SSP MG,897.135.206-02,21882538868,A,BRASILEIRO(A),DIOGO SAMPAIO,RAFAELA DA PAZ
RAVI CASSIANO,18/07/2002,"28/01/1997, MONTEIRO ALEGRE, PE",07/05/2021,20/03/2031,PE60989228 SSP PE,398.467.102-40,42478591061,D,BRASILEIRO(A),JOÃO VASCONCELOS,SABRINA REZENDE
RAVY CAVALCANTI,22/10/2003,"01/06/1982, PIMENTA, DF",14/12/2023,06/02/2033,DF62889478 SSP DF,627.314.598-91,96264221820,C1,BRASILEIRO(A),CAIO DA LUZ,MARIAH PORTO
AYLLA CASSIANO,24/02/2007,"11/06/1993, SOUSA, RN",26/12/2023,10/04/2027,RN85065766 SSP RN,816.745.039-20,58314875919,A1,BRASILEIRO(A),BRYAN TEIXEIRA,ELOAH NOVAIS
DR. LIAM DA ROCHA,14/08/2004,"19/08/1996, MARTINS, BA",06/02/2023,27/06/2032,BA96157004 SSP BA,723.980.564-65,68980076415,CE,BRASILEIRO(A),DANIEL CASSIANO,SRA. LARA JESUS
JOAQUIM CORREIA,27/08/1999,"20/03/1966, DA PAZ DE DA MATA, MS",18/10/2025,22/02/2033,MS41655170 SSP MS,450.362.791-07,11878914641,B1,BRASILEIRO(A),LEVI ARAÚJO,JULIA SOUZA
CAROLINE DA PAZ,07/10/2003,"05/07/1979, MARTINS DE GOIÁS, PE",18/09/2023,31/01/2031,PE45807618 SSP PE,405.179.862-30,69016750493,C1E,BRASILEIRO(A),RHAVI PASTOR,DRA. LUARA FERREIRA
GIOVANNA PORTO,10/05/2005,"24/03/1964, SILVEIRA, MS",28/07/2023,06/12/2030,MS79690679 SSP MS,493.605.128-42,60346637238,A1,BRASILEIRO(A),DR. CAUÃ MACEDO,BIANCA DA MATA
LUCAS GABRIEL DA PAZ,05/06/2003,"17/08/1963, NOVAES DE SAMPAIO, RO",15/02/2024,05/08/2031,RO36763585 SSP RO,518.407.239-04,50901428442,B1,BRASILEIRO(A),DR. HENRIQUE CORREIA,MARIANA SOUZA
HELOÍSA COSTELA,30/09/2001,"05/09/1986, CASSIANO DE JESUS, PR",27/04/2022,27/03/2026,PR61306224 SSP PR,061.832.975-77,60789028133,C1,BRASILEIRO(A),ANTÔNIO COSTELA,SRA. ANA LAURA COSTA
ALEXIA LOPES,19/05/1999,"19/10/1962, PINTO, TO",31/01/2024,28/01/2028,TO64050067 SSP TO,215.406.397-70,87918146078,D,BRASILEIRO(A),VITOR PINTO,SRA. ISIS SOUSA
VITOR HUGO SANTOS,06/02/2007,"24/07/1995, ABREU DO OESTE, RN",22/04/2022,24/04/2025,RN95023632 SSP RN,714.865.920-58,52816617165,ACC,BRASILEIRO(A),NOAH MARQUES,CLARICE AZEVEDO
DRA. OLIVIA SÁ,27/11/2003,"14/07/1995, JESUS, AC",05/07/2025,07/10/2029,AC12980212 SSP AC,359.468.012-60,32458402012,D,BRASILEIRO(A),RAVI LUCCA PACHECO,ANA JULIA MARTINS
BRAYAN GARCIA,16/06/2005,"23/06/1970, MACEDO, MG",07/09/2023,09/07/2033,MG67139042 SSP MG,318.742.596-82,12197067449,DE,BRASILEIRO(A),GUSTAVO HENRIQUE COSTELA,CLARICE ANDRADE
DR. HEITOR VASCONCELOS,02/11/2007,"08/07/1983, TEIXEIRA, ES",24/03/2022,10/07/2029,ES64109049 SSP ES,602.874.315-17,50852594269,D,BRASILEIRO(A),JOÃO VARGAS,MARIA LUÍSA AZEVEDO
HELLENA MENDES,04/05/2005,"14/08/1985, CAMPOS, TO",08/06/2022,16/04/2032,TO57968113 SSP TO,017.254.639-70,34773029038,C,BRASILEIRO(A),OTÁVIO SANTOS,DANIELA DA PAZ
ENZO GABRIEL FOGAÇA,05/11/2003,"04/04/1965, BARROS, SP",23/11/2022,31/12/2025,SP91777316 SSP SP,582.034.917-23,10155004787,BE,BRASILEIRO(A),VINÍCIUS GOMES,ZOE REZENDE
MARCELO SAMPAIO,16/03/2006,"20/08/1983, REZENDE DA MATA, SC",10/08/2021,15/07/2028,SC75958608 SSP SC,291.834.567-91,48512264670,B,BRASILEIRO(A),LORENZO LOPES,SRTA. MARIA FERNANDA VIEIRA
DR. LUIGI CAMPOS,02/06/1999,"17/05/1984, CAVALCANTE DE DUARTE, RJ",08/04/2021,02/08/2029,RJ54301946 SSP RJ,563.280.174-80,63887858218,B,BRASILEIRO(A),MATHEUS MONTEIRO,MARIA JULIA BARROS
ANA BEATRIZ NOVAIS,27/04/2007,"10/08/1958, TEIXEIRA, AP",27/05/2024,20/09/2028,AP86522120 SSP AP,476.150.389-01,69258074769,C1E,BRASILEIRO(A),DANTE CAMPOS,ANA VITÓRIA DA LUZ
LUIZ OTÁVIO SALES,23/09/1997,"20/04/1999, CIRINO ALEGRE, TO",19/12/2020,29/05/2024,TO61828456 SSP TO,347.615.208-17,78586362052,C1,BRASILEIRO(A),IAN ANDRADE,EMANUELLY AZEVEDO
SRA. MELISSA MENDES,07/04/1999,"03/04/1979, ROCHA, RJ",13/03/2024,18/01/2030,RJ94493383 SSP RJ,461.275.309-70,68260385255,C1,BRASILEIRO(A),PEDRO FARIAS,DRA. BRUNA MONTENEGRO
BRENDA BORGES,18/04/1996,"06/01/2001, PEIXOTO, RO",17/07/2025,06/02/2031,RO47556001 SSP RO,708.253.649-65,78940204070,C1,BRASILEIRO(A),DR. LEONARDO DAS NEVES,LUIZA FARIAS
ANA VITÓRIA ANDRADE,19/08/2004,"09/05/1968, AZEVEDO DO GALHO, MA",14/06/2024,21/04/2031,MA53128509 SSP MA,671.305.428-53,93986843818,D,BRASILEIRO(A),ENRICO FARIAS,LAURA SIQUEIRA
CAUÊ SALES,13/06/1997,"01/12/1962, VIANA DO CAMPO, AL",08/07/2023,24/06/2032,AL93916947 SSP AL,687.059.124-58,67953431106,C1,BRASILEIRO(A),MATTEO PEREIRA,DRA. MARCELA MARTINS
ELOAH NASCIMENTO,19/12/2004,"22/03/1982, MELO, TO",20/08/2022,28/09/2029,TO42623411 SSP TO,874.902.615-11,69031453217,D,BRASILEIRO(A),HENRIQUE CALDEIRA,DANIELA SOUSA
SRA. ESTHER VIANA,30/03/1998,"22/08/1970, AZEVEDO DA PRATA, RS",03/04/2024,16/08/2031,RS31453596 SSP RS,528.690.713-02,13112628002,C1E,BRASILEIRO(A),ARTHUR GABRIEL NOVAES,LUÍSA NUNES
BENÍCIO SOUSA,24/09/2003,"12/04/2007, JESUS DO NORTE, BA",11/09/2022,30/12/2025,BA18163422 SSP BA,964.382.017-31,28042635294,D1,BRASILEIRO(A),ARTHUR DA ROSA,MARIA JULIA AZEVEDO
CECILIA DA CRUZ,26/04/2007,"14/09/2004, PIMENTA DAS FLORES, MA",30/05/2023,27/02/2027,MA76642369 SSP MA,389.670.154-10,63788308474,B,BRASILEIRO(A),DR. HENRIQUE FERNANDES,ANA LÍVIA ARAÚJO
YURI MONTEIRO,19/09/2003,"26/05/1999, COSTELA, SE",01/08/2025,29/10/2029,SE52698352 SSP SE,169.870.243-40,12043669192,DE,BRASILEIRO(A),DAVI LUCAS FERNANDES,ANA JULIA DA COSTA
DR. JOÃO VITOR MARQUES,28/06/2004,"24/09/1976, NOVAES, PI",20/03/2021,27/01/2029,PI12999732 SSP PI,351.260.489-70,39107668026,C,BRASILEIRO(A),SR. JOÃO LUCAS ALVES,RAQUEL ARAÚJO
EMILLY NOGUEIRA,09/04/1999,"06/05/1963, MARTINS, PE",27/12/2020,11/01/2028,PE11801220 SSP PE,749.261.053-06,48875315562,C1,BRASILEIRO(A),SR. PAULO ALMEIDA,SOFIA CAVALCANTE
LUARA DA PAZ,07/10/1999,"10/07/1978, NOGUEIRA, AL",22/04/2023,07/12/2029,AL86486804 SSP AL,540.729.816-30,61068879245,A,BRASILEIRO(A),ANTHONY GABRIEL DIAS,MARINA ARAGÃO
JOAQUIM ALBUQUERQUE,14/02/2002,"06/02/1981, MORAES, MS",18/02/2021,01/03/2024,MS56590980 SSP MS,094.371.685-39,74111713225,B,BRASILEIRO(A),JOÃO GUILHERME DA LUZ,AYLLA SÁ
DRA. MARIA VARGAS,09/06/2007,"04/03/1999, MONTEIRO DO SUL, PI",04/12/2021,27/04/2025,PI50663133 SSP PI,402.631.579-70,91666736864,C1,BRASILEIRO(A),JOSUÉ DA COSTA,CLARA MACHADO
DOM PIRES,16/05/2005,"03/09/1993, ROCHA ALEGRE, MA",17/06/2025,12/11/2029,MA17763386 SSP MA,285.713.649-82,59845568659,D,BRASILEIRO(A),BENJAMIN SALES,ELISA RAMOS
HENRIQUE GOMES,01/04/2002,"09/02/1971, CÂMARA, DF",30/05/2022,17/06/2031,DF95446207 SSP DF,956.830.271-95,92022460322,A1,BRASILEIRO(A),ARTHUR GABRIEL PEREIRA,LUNA ABREU
CLARA MOURA,26/09/2004,"29/04/1999, SIQUEIRA, DF",28/06/2021,06/02/2030,DF34165581 SSP DF,732.916.580-86,73084331198,B,BRASILEIRO(A),PEDRO LUCAS NUNES,SRTA. LARISSA ARAÚJO
MELINA COSTELA,28/02/2005,"17/07/1993, BRITO, SP",29/01/2024,10/08/2031,SP62083305 SSP SP,248.953.670-29,10366847898,B,BRASILEIRO(A),ANTHONY FREITAS,LORENA CARVALHO
EMANUELLA REZENDE,13/01/2006,"12/02/2007, FERREIRA, RO",20/08/2023,10/02/2032,RO25502327 SSP RO,108.942.563-51,75585692706,DE,BRASILEIRO(A),SR. RYAN VIEIRA,LETÍCIA COSTELA
ISAQUE SÁ,15/11/2005,"25/04/1959, PEIXOTO DE PIMENTA, PR",21/05/2022,29/10/2028,PR63071203 SSP PR,610.493.857-48,48925923749,CE,BRASILEIRO(A),KAIQUE RIOS,SRA. BIANCA DUARTE
DR. RAVI LUCCA NOVAES,23/08/2002,"14/07/1968, SILVA DE MINAS, RN",08/03/2021,29/03/2029,RN52142221 SSP RN,193.874.562-00,40572372774,C1,BRASILEIRO(A),DR. JOÃO VITOR CÂMARA,ISIS BRITO
LORENA RAMOS,26/12/2001,"01/11/1984, COSTA DAS PEDRAS, MA",27/11/2022,09/12/2025,MA20367586 SSP MA,956.304.821-06,57087956730,C1,BRASILEIRO(A),EDUARDO GARCIA,KAMILLY BARBOSA
AGATHA RODRIGUES,30/01/1998,"01/04/1973, FONSECA, PB",16/04/2022,09/12/2028,PB95909371 SSP PB,309.456.128-42,51484557662,ACC,BRASILEIRO(A),JOSUÉ ALMEIDA,STELLA BORGES
LEANDRO CASSIANO,08/02/1997,"20/03/1996, ABREU, PA",13/09/2022,17/08/2032,PA49617091 SSP PA,654.271.389-19,39585657571,B1,BRASILEIRO(A),LUIZ OTÁVIO FOGAÇA,NATÁLIA BRITO
ALÍCIA RAMOS,27/06/1997,"12/11/1987, DA CRUZ DE MINAS, RS",11/04/2022,16/01/2028,RS76528386 SSP RS,413.785.026-71,56618266494,B,BRASILEIRO(A),VITOR GABRIEL ALVES,EDUARDA DA COSTA
GUSTAVO HENRIQUE PACHECO,26/12/1999,"04/01/1967, MACHADO, MT",24/03/2025,09/07/2034,MT39231841 SSP MT,570.394.168-75,78299815745,B1,BRASILEIRO(A),LUIZ FELIPE DA LUZ,SABRINA DA COSTA
SR. VALENTIM MARQUES,19/11/2005,"18/12/2002, GOMES DO GALHO, TO",08/01/2025,14/07/2029,TO78515125 SSP TO,186.350.974-75,93571160577,D1,BRASILEIRO(A),BENJAMIN NOVAIS,MARIA JÚLIA CAVALCANTE
LUIZ FERNANDO CIRINO,14/10/2004,"15/10/1971, SANTOS, PI",02/11/2021,03/03/2030,PI36388373 SSP PI,680.512.497-20,24622752324,D,BRASILEIRO(A),DANILO COSTELA,MARIA CECÍLIA SILVA
SR. OLIVER DA LUZ,28/10/2006,"06/06/1967, AZEVEDO, PI",29/04/2021,10/05/2026,PI46214977 SSP PI,784.951.260-01,70369585299,DE,BRASILEIRO(A),PAULO VASCONCELOS,SARAH JESUS
RAVI NASCIMENTO,14/12/1999,"29/10/1993, VARGAS DA SERRA, SE",16/02/2023,05/10/2031,SE87950661 SSP SE,791.062.384-40,20861805830,D1E,BRASILEIRO(A),DAVI LUIZ DA CRUZ,LUIZA RODRIGUES
DANILO SOUSA,04/07/2004,"29/08/1977, PINTO DE MINAS, RS",21/09/2025,18/03/2030,RS47896680 SSP RS,691.085.243-51,25365653350,C1,BRASILEIRO(A),IAN CÂMARA,DRA. HELLENA GONÇALVES
LORENZO PIRES,17/08/2007,"23/12/2000, PEIXOTO, AL",26/05/2022,18/01/2029,AL95135125 SSP AL,863.520.197-30,14946674605,DE,BRASILEIRO(A),CAUÊ ALBUQUERQUE,ANA CLARA ROCHA
ESTER MELO,16/01/2004,"15/08/1962, GARCIA DE SOUSA, PE",08/10/2021,27/12/2027,PE18484287 SSP PE,587.921.340-41,30764414378,C,BRASILEIRO(A),SR. LEANDRO DA ROCHA,MELISSA FARIAS
ÍSIS SOUSA,18/09/2003,"16/10/1985, CARVALHO, PR",12/06/2021,13/10/2024,PR36409615 SSP PR,459.137.608-75,81754421600,A,BRASILEIRO(A),GUSTAVO HENRIQUE SOUZA,ALÍCIA NOVAIS
JOÃO LUCAS DA CONCEIÇÃO,18/10/2005,"11/08/1987, DA CUNHA DE CARDOSO, PA",28/12/2020,09/05/2030,PA39096484 SSP PA,865.472.391-28,59686732679,A,BRASILEIRO(A),SR. LUIZ MIGUEL SIQUEIRA,MIRELLA AZEVEDO
SRA. LUNA PEIXOTO,24/06/1997,"26/10/1988, CAVALCANTI, MG",30/01/2022,02/12/2026,MG35677720 SSP MG,592.367.104-25,55106507917,DE,BRASILEIRO(A),NICOLAS DA ROCHA,CAROLINE SOUSA
ENRICO BRITO,14/09/2005,"24/03/1993, MELO DA SERRA, GO",21/02/2025,27/06/2028,GO83939292 SSP GO,406.317.892-78,17840036238,C1,BRASILEIRO(A),LUIZ FELIPE CAVALCANTE,HELLENA FERREIRA
HADASSA SILVEIRA,21/02/2007,"15/03/2004, COSTA, AC",18/01/2022,05/04/2027,AC77290421 SSP AC,798.351.024-14,52076177461,D1E,BRASILEIRO(A),SR. NATHAN FARIAS,MARIANA CASTRO
LUIZ OTÁVIO SALES,09/04/1997,"29/11/1970, MENDES ALEGRE, ES",07/01/2023,26/10/2026,ES34284098 SSP ES,208.573.469-38,67897185767,BE,BRASILEIRO(A),GABRIEL TEIXEIRA,MARCELA DA MOTA
DR. JOSÉ MELO,23/03/2005,"16/02/1998, ALVES DA PRAIA, RR",24/12/2024,06/07/2028,RR97032371 SSP RR,421.063.587-17,97556572814,A,BRASILEIRO(A),LUIZ HENRIQUE MELO,MARIA CECÍLIA PEREIRA
THALES SILVEIRA,23/08/2004,"18/08/2005, DA MOTA, PI",17/05/2024,24/11/2033,PI29850358 SSP PI,281.643.705-17,99357051548,B1,BRASILEIRO(A),ANDRÉ FREITAS,YASMIN LEÃO
DAVI FERREIRA,17/09/1997,"06/01/1984, VIEIRA DO NORTE, RN",19/10/2024,10/03/2030,RN55005585 SSP RN,215.730.986-12,59802487076,A1,BRASILEIRO(A),THOMAS DUARTE,EMANUELLY MARTINS
MARIA FLOR CIRINO,19/11/2003,"07/09/1992, SAMPAIO DOS DOURADOS, SC",09/02/2025,06/11/2031,SC91971109 SSP SC,459.086.312-05,31096130499,B,BRASILEIRO(A),CARLOS EDUARDO GARCIA,SRA. MAYSA ARAGÃO
SR. THÉO PACHECO,27/05/1998,"29/04/2000, DUARTE, AM",16/02/2024,26/09/2032,AM38149687 SSP AM,564.732.109-70,85711376437,DE,BRASILEIRO(A),YURI MOREIRA,GABRIELA DA COSTA
DRA. MARIA LUIZA NOVAIS,13/12/2006,"30/03/1960, PIMENTA DAS PEDRAS, AL",08/12/2024,28/09/2033,AL44585541 SSP AL,670.439.528-83,80677347913,DE,BRASILEIRO(A),KAIQUE MENDONÇA,ELOÁ CAMARGO
SRTA. ANA JÚLIA LEÃO,16/12/2006,"24/09/2007, FREITAS DA SERRA, AM",25/12/2022,29/01/2030,AM35471235 SSP AM,845.972.016-02,84631006312,ACC,BRASILEIRO(A),RODRIGO CAVALCANTI,MAITÊ DA CRUZ
ENZO GABRIEL VASCONCELOS,12/11/1999,"01/01/1984, CASSIANO DO GALHO, RR",08/05/2024,22/10/2032,RR66217856 SSP RR,254.169.738-46,53454624880,C1E,BRASILEIRO(A),DR. RAVI DA MATA,ISABELA DA CONCEIÇÃO
LUARA PIRES,29/04/1999,"27/01/2007, LOPES, PR",24/08/2023,03/11/2032,PR46496455 SSP PR,345.782.069-47,21511784271,DE,BRASILEIRO(A),JOAQUIM VIANA,ELISA MENDONÇA
ENRICO SÁ,08/07/2002,"25/11/1979, SILVA DE AZEVEDO, SE",07/07/2024,22/08/2033,SE44763610 SSP SE,623.507.948-65,31869501496,D1E,BRASILEIRO(A),DR. GAEL HENRIQUE MARQUES,EMANUELLA MONTEIRO
OTÁVIO MENDONÇA,12/04/2001,"16/07/1964, DA CUNHA, RS",24/07/2022,03/02/2030,RS62360281 SSP RS,178.256.039-40,74740212134,B1,BRASILEIRO(A),ANTHONY FARIAS,MILENA ARAÚJO
VALENTIM ABREU,03/01/2002,"03/06/1968, DA LUZ ALEGRE, PB",22/10/2021,19/03/2028,PB30770969 SSP PB,052.473.186-17,64748057833,C,BRASILEIRO(A),EMANUEL ARAGÃO,LUIZA AZEVEDO
OTTO SAMPAIO,10/08/2007,"07/08/1962, SAMPAIO, PR",28/02/2023,30/03/2030,PR20883643 SSP PR,032.861.457-26,80205742471,D1,BRASILEIRO(A),DR. MATHEUS CAVALCANTI,JÚLIA PINTO
DRA. BIANCA DA MATA,31/07/2000,"18/11/1969, AZEVEDO, AP",31/03/2025,09/01/2030,AP21234612 SSP AP,985.402.167-01,96600165520,C1,BRASILEIRO(A),VINÍCIUS VASCONCELOS,SRTA. LAÍS CÂMARA
GUSTAVO DA MOTA,15/02/2000,"02/12/1991, VARGAS, MS",23/07/2024,13/06/2029,MS13055868 SSP MS,875.093.426-00,70110188472,B,BRASILEIRO(A),YAN MACHADO,MAYSA PIRES
DR. ARTHUR MIGUEL ALVES,25/02/1999,"17/04/1982, CAMPOS, SC",11/02/2022,18/06/2028,SC45061272 SSP SC,590.682.317-40,95972013948,D,BRASILEIRO(A),ANDRÉ SOUSA,LETÍCIA PEIXOTO
DR. CAUÊ DA PAZ,15/05/2003,"07/07/1996, RAMOS, GO",29/01/2025,27/09/2029,GO28162119 SSP GO,194.273.568-55,25673646933,B1,BRASILEIRO(A),DIEGO COSTELA,MARIAH SILVEIRA
CARLOS EDUARDO MACEDO,13/12/1996,"12/03/1989, SOUSA DE FARIAS, GO",03/02/2023,03/06/2032,GO26529160 SSP GO,701.968.234-04,42993074968,D1,BRASILEIRO(A),VALENTIM BARROS,DRA. LIZ MONTEIRO
MATHIAS FERNANDES,30/04/2003,"24/01/1986, MORAES, RN",14/05/2021,06/04/2026,RN34322583 SSP RN,972.685.143-28,84459308543,C,BRASILEIRO(A),DAVI LUCAS PINTO,MARCELA FOGAÇA
LUIZ HENRIQUE BARBOSA,27/08/2000,"05/03/1975, SILVA VERDE, RO",13/02/2022,09/05/2027,RO13311264 SSP RO,875.146.329-64,20759371316,A,BRASILEIRO(A),YAGO SAMPAIO,LUNA SOUSA
CLARA PORTO,19/06/2007,"28/12/1974, CARDOSO, PE",23/10/2025,14/09/2034,PE33696179 SSP PE,210.843.695-24,49723530854,A1,BRASILEIRO(A),SR. JOSÉ RIOS,DRA. EMANUELLA CARDOSO
SRA. CAROLINA MARTINS,18/10/2001,"26/02/1988, MARQUES, AC",18/09/2022,21/07/2032,AC78153247 SSP AC,239.714.605-34,42244257276,B1,BRASILEIRO(A),DR. HEITOR MARQUES,ÁGATHA CASSIANO
RAFAELA FERREIRA,15/02/2000,"11/09/1995, MONTENEGRO DE MINAS, PB",28/12/2021,15/09/2028,PB26115998 SSP PB,256.308.714-71,95540260049,A,BRASILEIRO(A),GABRIEL PASTOR,DRA. LAURA CASA GRANDE
DR. APOLLO PEREIRA,27/03/2004,"26/03/1988, GOMES DA MATA, AM",06/06/2025,26/08/2034,AM76088582 SSP AM,896.703.124-69,66245232201,A,BRASILEIRO(A),ISAAC JESUS,MARIA ALBUQUERQUE
NICOLE CORREIA,17/05/2000,"02/07/1979, MARQUES DAS FLORES, SC",20/01/2022,26/05/2027,SC98449164 SSP SC,269.870.154-49,26278111055,D1E,BRASILEIRO(A),CALEBE CORREIA,EDUARDA MENDONÇA
SR. BENJAMIN JESUS,10/06/2003,"24/10/2003, MACHADO, ES",15/02/2023,03/03/2032,ES30033685 SSP ES,021.967.534-16,70183670735,A,BRASILEIRO(A),DR. FERNANDO GARCIA,CECILIA MELO
ISADORA FERREIRA,06/04/2005,"08/09/1972, VIANA, MA",06/01/2024,02/11/2033,MA82408087 SSP MA,670.839.451-01,79955441611,C1,BRASILEIRO(A),LUCAS SÁ,MILENA CASA GRANDE
SR. RAUL CARVALHO,24/12/2004,"12/09/1990, CAMPOS, AC",19/08/2023,11/05/2032,AC21859870 SSP AC,029.138.576-12,81263244985,ACC,BRASILEIRO(A),MARCELO ALBUQUERQUE,ANA PASTOR
LUIZ FERNANDO PIRES,01/12/2003,"25/11/1977, JESUS, PI",27/02/2023,15/11/2030,PI44990659 SSP PI,613.974.528-46,40514114668,A,BRASILEIRO(A),LUIGI DUARTE,MILENA LOPES
MELINA SILVEIRA,23/10/2004,"02/10/1976, LEÃO DE CUNHA, PA",30/08/2021,24/12/2026,PA87319136 SSP PA,756.318.049-48,37076956440,BE,BRASILEIRO(A),NATHAN CASSIANO,RAQUEL RIBEIRO
LUIZA CASTRO,19/03/2000,"25/05/1976, NASCIMENTO, SC",28/07/2021,03/03/2031,SC34882864 SSP SC,064.173.829-31,50419526053,BE,BRASILEIRO(A),DAVI LUCCA RIOS,MARIA SOPHIA PORTO
SR. RHAVI MENDES,07/05/2006,"30/09/1981, FOGAÇA, MT",04/10/2024,28/11/2031,MT31579710 SSP MT,915.482.607-11,20454811218,BE,BRASILEIRO(A),KEVIN CARDOSO,SRTA. MAYSA CAMPOS
VALENTIM GOMES,20/03/2002,"28/01/1973, COSTA DO CAMPO, SP",07/05/2024,13/07/2033,SP71398114 SSP SP,465.287.391-37,61730603061,B1,BRASILEIRO(A),DR. PEDRO HENRIQUE ALMEIDA,MARIA LUÍSA GARCIA
DANILO DA ROSA,26/07/1996,"17/06/1978, BARBOSA PAULISTA, RJ",21/01/2022,21/11/2027,RJ90863267 SSP RJ,385.729.014-50,38117160937,C1,BRASILEIRO(A),DIEGO RIBEIRO,ANA VITÓRIA VASCONCELOS
MARIA LUÍSA NOVAIS,03/02/2004,"09/11/2001, SAMPAIO DE CIRINO, RS",22/01/2022,14/03/2031,RS51199675 SSP RS,758.162.409-94,42112227882,C,BRASILEIRO(A),ALEXANDRE PASTOR,SOPHIE CAVALCANTI
MATEUS BORGES,24/02/2007,"21/03/2000, MONTEIRO GRANDE, CE",10/08/2021,03/04/2025,CE21263726 SSP CE,082.145.976-76,85385364233,C1E,BRASILEIRO(A),DR. LUIZ OTÁVIO PINTO,ÍSIS DAS NEVES
DANIELA PINTO,13/09/2001,"02/10/1975, CAVALCANTI DE DUARTE, PI",08/10/2021,04/03/2027,PI94053117 SSP PI,614.890.372-50,57364386043,A,BRASILEIRO(A),JOÃO GUILHERME OLIVEIRA,SRA. ANA LUIZA MARQUES
BRENO GOMES,23/02/2004,"06/12/1977, SÁ ALEGRE, SE",26/12/2024,25/05/2028,SE94108593 SSP SE,462.085.173-62,49921970586,D1E,BRASILEIRO(A),PIETRO DA LUZ,MARIA VITÓRIA CASA GRANDE
DRA. MELINA ROCHA,27/01/1997,"04/05/1962, GOMES, SE",09/05/2024,21/11/2032,SE74616208 SSP SE,316.892.054-15,87533068618,C,BRASILEIRO(A),DANTE CARDOSO,ALLANA PORTO
MARIANA GONÇALVES,27/02/2005,"06/10/2007, CIRINO DE ARAÚJO, RN",07/09/2023,30/09/2031,RN47415741 SSP RN,347.618.952-09,27674706955,B,BRASILEIRO(A),ANTHONY CASSIANO,JULIA FERNANDES
BERNARDO PASTOR,08/12/1996,"16/02/2000, VIEIRA DE PIMENTA, PR",19/12/2020,27/06/2027,PR18755757 SSP PR,650.793.281-77,24037630385,C,BRASILEIRO(A),JOAQUIM BARBOSA,ELOÁ FONSECA
HELENA BORGES,06/04/2006,"16/12/1959, PORTO, AL",24/08/2025,09/01/2031,AL57361398 SSP AL,478.169.230-31,28904391267,DE,BRASILEIRO(A),BENJAMIM JESUS,DRA. ANNA LIZ ALVES
DANTE TEIXEIRA,02/01/1997,"22/02/1969, DAS NEVES PAULISTA, RR",05/02/2023,15/07/2032,RR64794460 SSP RR,278.019.634-31,85883729501,A,BRASILEIRO(A),DANTE CÂMARA,DRA. ANA LÍVIA DA CONCEIÇÃO
LUCCA GOMES,13/11/2004,"01/01/1964, SILVEIRA, PI",01/07/2024,31/10/2033,PI61929247 SSP PI,821.397.540-50,17038360708,D,BRASILEIRO(A),DIEGO MACHADO,GABRIELLY ANDRADE
LUCAS CUNHA,18/10/2007,"18/03/1970, MELO, MS",08/08/2021,20/12/2024,MS79790083 SSP MS,940.135.286-06,53664597247,D1,BRASILEIRO(A),DR. MATHIAS RODRIGUES,EMILLY ALMEIDA
NICOLE CAVALCANTE,24/12/2002,"21/07/1965, REZENDE, DF",09/05/2025,20/04/2034,DF98920614 SSP DF,630.284.195-05,67309876279,A1,BRASILEIRO(A),JOSUÉ LOPES,DRA. LUNNA NUNES
MARIA SOPHIA DA MATA,25/11/1995,"25/08/1959, ALMEIDA, ES",25/04/2025,24/08/2034,ES51091407 SSP ES,904.763.152-80,91397646314,DE,BRASILEIRO(A),DR. JOÃO PEDRO ANDRADE,DRA. VALENTINA TEIXEIRA
ANA SOPHIA GONÇALVES,12/10/2001,"05/03/1981, NOVAIS, RJ",16/05/2022,02/05/2027,RJ15411782 SSP RJ,361.702.958-21,73107990924,C1E,BRASILEIRO(A),ARTHUR MIGUEL PEREIRA,AURORA PASTOR
BRENDA PACHECO,06/04/2000,"24/10/1982, CAMPOS, PB",09/07/2024,16/07/2031,PB43415169 SSP PB,168.905.473-57,11786295606,D1,BRASILEIRO(A),EMANUEL MACHADO,SRA. ISABELA SOUZA
LIAM MOURA,23/11/1996,"24/10/1988, GUERRA DO NORTE, SC",23/01/2025,14/10/2033,SC21583052 SSP SC,512.043.967-52,41336941068,B1,BRASILEIRO(A),THEO RODRIGUES,GABRIELA PEREIRA
ISABELLA CASSIANO,13/09/1996,"27/01/1988, VARGAS, RR",08/03/2025,21/11/2034,RR25231155 SSP RR,309.516.782-21,46411230424,C1,BRASILEIRO(A),IGOR ARAÚJO,FERNANDA MACHADO
ZOE PIRES,04/11/1997,"24/10/1983, CAVALCANTE DE COSTA, PR",25/08/2025,03/04/2031,PR12288979 SSP PR,150.683.297-03,23220372087,A1,BRASILEIRO(A),CALEB GARCIA,DRA. AURORA MENDES
DAVI LUCAS VARGAS,31/01/2001,"20/04/1991, LOPES, RR",03/04/2024,04/11/2032,RR11895661 SSP RR,391.024.768-78,22146855484,A,BRASILEIRO(A),JOÃO PEDRO PORTO,ANA JÚLIA TEIXEIRA
ANA SOPHIA SAMPAIO,05/05/2003,"26/10/1999, APARECIDA, MA",01/12/2023,16/10/2027,MA70121233 SSP MA,140.679.582-85,10966086024,D,BRASILEIRO(A),FERNANDO FREITAS,RAFAELA ABREU
MATHIAS DUARTE,13/09/2000,"24/01/1980, BRITO DE MINAS, CE",31/07/2023,08/06/2032,CE82350842 SSP CE,857.614.230-90,80693691256,C1,BRASILEIRO(A),MARCELO FOGAÇA,MANUELLA FOGAÇA
ISABELLY BRITO,19/02/2004,"25/07/1983, FREITAS DO OESTE, PB",06/05/2021,10/03/2025,PB17981872 SSP PB,729.405.168-20,96751451651,BE,BRASILEIRO(A),DANIEL DA COSTA,MELISSA NOGUEIRA
CLARICE CARDOSO,20/03/1998,"06/10/2003, DA CUNHA DO OESTE, MG",03/12/2020,05/11/2030,MG93527187 SSP MG,270.134.598-79,43138033493,BE,BRASILEIRO(A),BENÍCIO CÂMARA,ALICE BRITO
SRA. ZOE PACHECO,08/03/2000,"18/05/2002, VIEIRA, AM",14/05/2021,09/12/2029,AM56784267 SSP AM,456.820.719-30,82045739086,BE,BRASILEIRO(A),SR. THALES ARAGÃO,ANA JÚLIA VIANA
JOAQUIM PIRES,25/11/1997,"16/06/1992, FREITAS ALEGRE, PA",11/08/2021,17/01/2031,PA87454158 SSP PA,206.439.875-92,38981342964,BE,BRASILEIRO(A),DIOGO NOGUEIRA,SOPHIA NUNES
DANIEL OLIVEIRA,24/08/2003,"14/03/1959, ANDRADE, PR",27/05/2021,19/07/2024,PR59620157 SSP PR,248.930.571-97,80345413694,C,BRASILEIRO(A),SR. LUIZ FERNANDO DAS NEVES,MELISSA CASSIANO
ELISA DIAS,14/07/2000,"02/04/1970, APARECIDA DO OESTE, GO",30/01/2025,07/09/2028,GO88205235 SSP GO,924.135.867-09,15561515951,DE,BRASILEIRO(A),SR. FERNANDO PEREIRA,CLARICE GONÇALVES
DANILO BARROS,11/03/2005,"28/04/2003, SOUZA, RS",18/03/2021,17/07/2024,RS67850351 SSP RS,570.924.183-05,38107885685,A1,BRASILEIRO(A),RAUL BORGES,EDUARDA DAS NEVES
SRA. ALANA GOMES,01/01/2001,"21/02/1965, FOGAÇA DOS DOURADOS, RR",02/12/2023,30/04/2031,RR91376504 SSP RR,590.634.271-07,26172556075,B,BRASILEIRO(A),DR. CAUÊ MOREIRA,ISADORA RIOS
LUANA PASTOR,25/09/1999,"14/07/1993, CALDEIRA, PA",03/09/2023,22/03/2030,PA64441877 SSP PA,059.781.243-88,93763812286,C1E,BRASILEIRO(A),RYAN CORREIA,DRA. ZOE DA ROSA
RAUL MOREIRA,06/06/2004,"14/10/2001, CAVALCANTI DAS FLORES, AP",18/09/2021,13/01/2031,AP98723608 SSP AP,459.613.708-01,61518119336,D1,BRASILEIRO(A),VALENTIM SANTOS,SRA. LUIZA COSTELA
BRUNA SIQUEIRA,16/12/2005,"28/09/1978, MOURA, BA",08/05/2022,10/08/2029,BA50444272 SSP BA,452.380.976-38,19180141139,C1,BRASILEIRO(A),LUCAS GABRIEL DAS NEVES,NINA NASCIMENTO
JOSÉ PEDRO VASCONCELOS,03/04/1996,"08/03/1963, MARQUES, SE",17/02/2023,13/05/2027,SE13636851 SSP SE,890.413.752-79,99869962775,C,BRASILEIRO(A),THEO CAMARGO,JULIANA CUNHA
ISABEL RIBEIRO,14/11/2000,"07/03/1975, MOREIRA, SE",10/06/2022,13/12/2025,SE85284398 SSP SE,093.821.576-03,20844433815,CE,BRASILEIRO(A),MIGUEL APARECIDA,MARIA EDUARDA FARIAS
OLÍVIA AZEVEDO,21/04/2000,"16/07/1960, CÂMARA DO SUL, MS",19/03/2023,29/05/2030,MS50206476 SSP MS,031.897.546-75,58381635758,B,BRASILEIRO(A),JOSÉ PEDRO PORTO,LUNNA PEREIRA
SR. BERNARDO FERNANDES,15/03/2005,"06/02/1957, FONSECA DA SERRA, AL",31/05/2025,13/06/2030,AL31204643 SSP AL,248.305.971-60,71340816436,ACC,BRASILEIRO(A),LUCAS CASA GRANDE,DRA. LARA DA ROCHA
SOPHIE SILVA,13/12/2001,"29/08/1957, SIQUEIRA, RN",10/10/2023,16/09/2027,RN59469978 SSP RN,691.307.854-48,82712556609,C,BRASILEIRO(A),THÉO FARIAS,PIETRA PASTOR
EVELYN DA ROCHA,22/12/2003,"04/04/1970, LEÃO DO NORTE, AP",28/07/2022,04/06/2029,AP34245738 SSP AP,625.801.947-11,61103817585,A,BRASILEIRO(A),ISAQUE DA MATA,GABRIELA PINTO
ALÍCIA RIOS,04/01/2002,"08/04/1997, FARIAS, PI",29/06/2022,26/07/2025,PI22635334 SSP PI,741.230.865-35,63261746505,BE,BRASILEIRO(A),LUCCA OLIVEIRA,ISADORA GONÇALVES
LUCAS GABRIEL FERNANDES,03/06/1997,"11/04/1998, NASCIMENTO, ES",08/11/2024,13/09/2034,ES41805443 SSP ES,516.238.947-19,70199078524,B,BRASILEIRO(A),CAUÃ REZENDE,PIETRA MACHADO
DANIELA ALMEIDA,11/09/2003,"28/05/2007, SIQUEIRA DE MELO, MG",13/08/2021,07/11/2024,MG62593777 SSP MG,701.895.324-32,88567919964,C1E,BRASILEIRO(A),ENZO LOPES,KAMILLY CAVALCANTI
SRA. ANA LIZ TEIXEIRA,29/07/1998,"05/02/1957, SILVA DA PRATA, BA",31/07/2025,20/12/2033,BA78015276 SSP BA,847.329.560-92,46418948388,CE,BRASILEIRO(A),CAUÊ ANDRADE,SRTA. JULIA NOVAES
CATARINA ALBUQUERQUE,08/05/2000,"12/08/1963, PIMENTA, DF",02/06/2021,19/03/2026,DF53816080 SSP DF,026.574.193-99,47787626637,BE,BRASILEIRO(A),THEO SÁ,ESTHER ALVES
MATHIAS SANTOS,26/09/2006,"03/07/2006, DA MOTA DO CAMPO, DF",01/10/2025,04/03/2031,DF54518575 SSP DF,683.459.170-20,51004183404,A1,BRASILEIRO(A),ENRICO DA CONCEIÇÃO,GABRIELA CUNHA
GABRIELA DUARTE,16/07/2007,"27/04/1974, BRITO DA SERRA, RR",27/09/2022,16/12/2026,RR90913034 SSP RR,856.470.321-17,94619930170,D,BRASILEIRO(A),RENAN CASA GRANDE,SRTA. HELOÍSA NOVAIS
NICOLE MENDES,05/02/2005,"10/02/1994, DAS NEVES DAS FLORES, ES",26/07/2023,29/09/2031,ES48107437 SSP ES,412.580.736-17,57669649902,BE,BRASILEIRO(A),SAMUEL GONÇALVES,LORENA REZENDE
MARIA SOUSA,05/10/2003,"26/06/1970, PIRES, DF",07/12/2021,22/01/2026,DF16576067 SSP DF,706.538.249-47,90194798680,C1,BRASILEIRO(A),LIAM CALDEIRA,DRA. MARIA ALICE GONÇALVES
LUIZ FERNANDO CAMARGO,28/02/2004,"12/01/2006, LEÃO, PB",09/07/2025,28/07/2031,PB20477160 SSP PB,362.794.085-74,42367566610,D1E,BRASILEIRO(A),BRYAN ABREU,MARIA ISIS PIMENTA
ANA CAROLINA VIEIRA,01/12/2000,"15/05/1958, OLIVEIRA, MG",13/07/2021,09/10/2030,MG67058442 SSP MG,642.781.903-87,73588825295,B,BRASILEIRO(A),BENÍCIO CAVALCANTI,ANA JESUS
DRA. ESTHER GONÇALVES,12/07/2002,"07/01/1956, CARDOSO, ES",03/04/2022,15/08/2030,ES90313161 SSP ES,829.143.560-05,26690675559,BE,BRASILEIRO(A),DANIEL VASCONCELOS,MARIA JULIA PIRES
CAIO GOMES,12/07/2002,"23/06/1986, CIRINO, PI",07/06/2025,21/10/2033,PI49425577 SSP PI,381.504.697-10,87198893855,C,BRASILEIRO(A),JOÃO MIGUEL SÁ,LUANA DAS NEVES
